gradient_model,env,seed_0,run_dir_0,condition_0,seed_1,run_dir_1,condition_1
1,/mnt/home/lalejini/devo_ws/Aagos/hpcc/2020-07-24--competition-evo-arch/environments/gradient/gradient_env_0.env,970001,/mnt/scratch/lalejini/data/aagos/2020-07-24--competition-evo-arch/SEED_970001,-CHANGE_FREQUENCY 0 -BIT_FLIP_PROB 0.003 -GRADIENT_MODEL 1,970101,/mnt/scratch/lalejini/data/aagos/2020-07-24--competition-evo-arch/SEED_970101,-CHANGE_FREQUENCY 0 -BIT_FLIP_PROB 0.1 -GRADIENT_MODEL 1
1,/mnt/home/lalejini/devo_ws/Aagos/hpcc/2020-07-24--competition-evo-arch/environments/gradient/gradient_env_1.env,970002,/mnt/scratch/lalejini/data/aagos/2020-07-24--competition-evo-arch/SEED_970002,-CHANGE_FREQUENCY 0 -BIT_FLIP_PROB 0.003 -GRADIENT_MODEL 1,970102,/mnt/scratch/lalejini/data/aagos/2020-07-24--competition-evo-arch/SEED_970102,-CHANGE_FREQUENCY 0 -BIT_FLIP_PROB 0.1 -GRADIENT_MODEL 1
1,/mnt/home/lalejini/devo_ws/Aagos/hpcc/2020-07-24--competition-evo-arch/environments/gradient/gradient_env_2.env,970003,/mnt/scratch/lalejini/data/aagos/2020-07-24--competition-evo-arch/SEED_970003,-CHANGE_FREQUENCY 0 -BIT_FLIP_PROB 0.003 -GRADIENT_MODEL 1,970103,/mnt/scratch/lalejini/data/aagos/2020-07-24--competition-evo-arch/SEED_970103,-CHANGE_FREQUENCY 0 -BIT_FLIP_PROB 0.1 -GRADIENT_MODEL 1
1,/mnt/home/lalejini/devo_ws/Aagos/hpcc/2020-07-24--competition-evo-arch/environments/gradient/gradient_env_3.env,970004,/mnt/scratch/lalejini/data/aagos/2020-07-24--competition-evo-arch/SEED_970004,-CHANGE_FREQUENCY 0 -BIT_FLIP_PROB 0.003 -GRADIENT_MODEL 1,970104,/mnt/scratch/lalejini/data/aagos/2020-07-24--competition-evo-arch/SEED_970104,-CHANGE_FREQUENCY 0 -BIT_FLIP_PROB 0.1 -GRADIENT_MODEL 1
1,/mnt/home/lalejini/devo_ws/Aagos/hpcc/2020-07-24--competition-evo-arch/environments/gradient/gradient_env_4.env,970005,/mnt/scratch/lalejini/data/aagos/2020-07-24--competition-evo-arch/SEED_970005,-CHANGE_FREQUENCY 0 -BIT_FLIP_PROB 0.003 -GRADIENT_MODEL 1,970105,/mnt/scratch/lalejini/data/aagos/2020-07-24--competition-evo-arch/SEED_970105,-CHANGE_FREQUENCY 0 -BIT_FLIP_PROB 0.1 -GRADIENT_MODEL 1
1,/mnt/home/lalejini/devo_ws/Aagos/hpcc/2020-07-24--competition-evo-arch/environments/gradient/gradient_env_5.env,970006,/mnt/scratch/lalejini/data/aagos/2020-07-24--competition-evo-arch/SEED_970006,-CHANGE_FREQUENCY 0 -BIT_FLIP_PROB 0.003 -GRADIENT_MODEL 1,970106,/mnt/scratch/lalejini/data/aagos/2020-07-24--competition-evo-arch/SEED_970106,-CHANGE_FREQUENCY 0 -BIT_FLIP_PROB 0.1 -GRADIENT_MODEL 1
1,/mnt/home/lalejini/devo_ws/Aagos/hpcc/2020-07-24--competition-evo-arch/environments/gradient/gradient_env_6.env,970007,/mnt/scratch/lalejini/data/aagos/2020-07-24--competition-evo-arch/SEED_970007,-CHANGE_FREQUENCY 0 -BIT_FLIP_PROB 0.003 -GRADIENT_MODEL 1,970107,/mnt/scratch/lalejini/data/aagos/2020-07-24--competition-evo-arch/SEED_970107,-CHANGE_FREQUENCY 0 -BIT_FLIP_PROB 0.1 -GRADIENT_MODEL 1
1,/mnt/home/lalejini/devo_ws/Aagos/hpcc/2020-07-24--competition-evo-arch/environments/gradient/gradient_env_7.env,970008,/mnt/scratch/lalejini/data/aagos/2020-07-24--competition-evo-arch/SEED_970008,-CHANGE_FREQUENCY 0 -BIT_FLIP_PROB 0.003 -GRADIENT_MODEL 1,970108,/mnt/scratch/lalejini/data/aagos/2020-07-24--competition-evo-arch/SEED_970108,-CHANGE_FREQUENCY 0 -BIT_FLIP_PROB 0.1 -GRADIENT_MODEL 1
1,/mnt/home/lalejini/devo_ws/Aagos/hpcc/2020-07-24--competition-evo-arch/environments/gradient/gradient_env_8.env,970009,/mnt/scratch/lalejini/data/aagos/2020-07-24--competition-evo-arch/SEED_970009,-CHANGE_FREQUENCY 0 -BIT_FLIP_PROB 0.003 -GRADIENT_MODEL 1,970109,/mnt/scratch/lalejini/data/aagos/2020-07-24--competition-evo-arch/SEED_970109,-CHANGE_FREQUENCY 0 -BIT_FLIP_PROB 0.1 -GRADIENT_MODEL 1
1,/mnt/home/lalejini/devo_ws/Aagos/hpcc/2020-07-24--competition-evo-arch/environments/gradient/gradient_env_9.env,970010,/mnt/scratch/lalejini/data/aagos/2020-07-24--competition-evo-arch/SEED_970010,-CHANGE_FREQUENCY 0 -BIT_FLIP_PROB 0.003 -GRADIENT_MODEL 1,970110,/mnt/scratch/lalejini/data/aagos/2020-07-24--competition-evo-arch/SEED_970110,-CHANGE_FREQUENCY 0 -BIT_FLIP_PROB 0.1 -GRADIENT_MODEL 1
1,/mnt/home/lalejini/devo_ws/Aagos/hpcc/2020-07-24--competition-evo-arch/environments/gradient/gradient_env_10.env,970011,/mnt/scratch/lalejini/data/aagos/2020-07-24--competition-evo-arch/SEED_970011,-CHANGE_FREQUENCY 0 -BIT_FLIP_PROB 0.003 -GRADIENT_MODEL 1,970111,/mnt/scratch/lalejini/data/aagos/2020-07-24--competition-evo-arch/SEED_970111,-CHANGE_FREQUENCY 0 -BIT_FLIP_PROB 0.1 -GRADIENT_MODEL 1
1,/mnt/home/lalejini/devo_ws/Aagos/hpcc/2020-07-24--competition-evo-arch/environments/gradient/gradient_env_11.env,970012,/mnt/scratch/lalejini/data/aagos/2020-07-24--competition-evo-arch/SEED_970012,-CHANGE_FREQUENCY 0 -BIT_FLIP_PROB 0.003 -GRADIENT_MODEL 1,970112,/mnt/scratch/lalejini/data/aagos/2020-07-24--competition-evo-arch/SEED_970112,-CHANGE_FREQUENCY 0 -BIT_FLIP_PROB 0.1 -GRADIENT_MODEL 1
1,/mnt/home/lalejini/devo_ws/Aagos/hpcc/2020-07-24--competition-evo-arch/environments/gradient/gradient_env_12.env,970013,/mnt/scratch/lalejini/data/aagos/2020-07-24--competition-evo-arch/SEED_970013,-CHANGE_FREQUENCY 0 -BIT_FLIP_PROB 0.003 -GRADIENT_MODEL 1,970113,/mnt/scratch/lalejini/data/aagos/2020-07-24--competition-evo-arch/SEED_970113,-CHANGE_FREQUENCY 0 -BIT_FLIP_PROB 0.1 -GRADIENT_MODEL 1
1,/mnt/home/lalejini/devo_ws/Aagos/hpcc/2020-07-24--competition-evo-arch/environments/gradient/gradient_env_13.env,970014,/mnt/scratch/lalejini/data/aagos/2020-07-24--competition-evo-arch/SEED_970014,-CHANGE_FREQUENCY 0 -BIT_FLIP_PROB 0.003 -GRADIENT_MODEL 1,970114,/mnt/scratch/lalejini/data/aagos/2020-07-24--competition-evo-arch/SEED_970114,-CHANGE_FREQUENCY 0 -BIT_FLIP_PROB 0.1 -GRADIENT_MODEL 1
1,/mnt/home/lalejini/devo_ws/Aagos/hpcc/2020-07-24--competition-evo-arch/environments/gradient/gradient_env_14.env,970015,/mnt/scratch/lalejini/data/aagos/2020-07-24--competition-evo-arch/SEED_970015,-CHANGE_FREQUENCY 0 -BIT_FLIP_PROB 0.003 -GRADIENT_MODEL 1,970115,/mnt/scratch/lalejini/data/aagos/2020-07-24--competition-evo-arch/SEED_970115,-CHANGE_FREQUENCY 0 -BIT_FLIP_PROB 0.1 -GRADIENT_MODEL 1
1,/mnt/home/lalejini/devo_ws/Aagos/hpcc/2020-07-24--competition-evo-arch/environments/gradient/gradient_env_15.env,970016,/mnt/scratch/lalejini/data/aagos/2020-07-24--competition-evo-arch/SEED_970016,-CHANGE_FREQUENCY 0 -BIT_FLIP_PROB 0.003 -GRADIENT_MODEL 1,970116,/mnt/scratch/lalejini/data/aagos/2020-07-24--competition-evo-arch/SEED_970116,-CHANGE_FREQUENCY 0 -BIT_FLIP_PROB 0.1 -GRADIENT_MODEL 1
1,/mnt/home/lalejini/devo_ws/Aagos/hpcc/2020-07-24--competition-evo-arch/environments/gradient/gradient_env_16.env,970017,/mnt/scratch/lalejini/data/aagos/2020-07-24--competition-evo-arch/SEED_970017,-CHANGE_FREQUENCY 0 -BIT_FLIP_PROB 0.003 -GRADIENT_MODEL 1,970117,/mnt/scratch/lalejini/data/aagos/2020-07-24--competition-evo-arch/SEED_970117,-CHANGE_FREQUENCY 0 -BIT_FLIP_PROB 0.1 -GRADIENT_MODEL 1
1,/mnt/home/lalejini/devo_ws/Aagos/hpcc/2020-07-24--competition-evo-arch/environments/gradient/gradient_env_17.env,970018,/mnt/scratch/lalejini/data/aagos/2020-07-24--competition-evo-arch/SEED_970018,-CHANGE_FREQUENCY 0 -BIT_FLIP_PROB 0.003 -GRADIENT_MODEL 1,970118,/mnt/scratch/lalejini/data/aagos/2020-07-24--competition-evo-arch/SEED_970118,-CHANGE_FREQUENCY 0 -BIT_FLIP_PROB 0.1 -GRADIENT_MODEL 1
1,/mnt/home/lalejini/devo_ws/Aagos/hpcc/2020-07-24--competition-evo-arch/environments/gradient/gradient_env_18.env,970019,/mnt/scratch/lalejini/data/aagos/2020-07-24--competition-evo-arch/SEED_970019,-CHANGE_FREQUENCY 0 -BIT_FLIP_PROB 0.003 -GRADIENT_MODEL 1,970119,/mnt/scratch/lalejini/data/aagos/2020-07-24--competition-evo-arch/SEED_970119,-CHANGE_FREQUENCY 0 -BIT_FLIP_PROB 0.1 -GRADIENT_MODEL 1
1,/mnt/home/lalejini/devo_ws/Aagos/hpcc/2020-07-24--competition-evo-arch/environments/gradient/gradient_env_19.env,970020,/mnt/scratch/lalejini/data/aagos/2020-07-24--competition-evo-arch/SEED_970020,-CHANGE_FREQUENCY 0 -BIT_FLIP_PROB 0.003 -GRADIENT_MODEL 1,970120,/mnt/scratch/lalejini/data/aagos/2020-07-24--competition-evo-arch/SEED_970120,-CHANGE_FREQUENCY 0 -BIT_FLIP_PROB 0.1 -GRADIENT_MODEL 1
1,/mnt/home/lalejini/devo_ws/Aagos/hpcc/2020-07-24--competition-evo-arch/environments/gradient/gradient_env_20.env,970021,/mnt/scratch/lalejini/data/aagos/2020-07-24--competition-evo-arch/SEED_970021,-CHANGE_FREQUENCY 0 -BIT_FLIP_PROB 0.003 -GRADIENT_MODEL 1,970121,/mnt/scratch/lalejini/data/aagos/2020-07-24--competition-evo-arch/SEED_970121,-CHANGE_FREQUENCY 0 -BIT_FLIP_PROB 0.1 -GRADIENT_MODEL 1
1,/mnt/home/lalejini/devo_ws/Aagos/hpcc/2020-07-24--competition-evo-arch/environments/gradient/gradient_env_21.env,970022,/mnt/scratch/lalejini/data/aagos/2020-07-24--competition-evo-arch/SEED_970022,-CHANGE_FREQUENCY 0 -BIT_FLIP_PROB 0.003 -GRADIENT_MODEL 1,970122,/mnt/scratch/lalejini/data/aagos/2020-07-24--competition-evo-arch/SEED_970122,-CHANGE_FREQUENCY 0 -BIT_FLIP_PROB 0.1 -GRADIENT_MODEL 1
1,/mnt/home/lalejini/devo_ws/Aagos/hpcc/2020-07-24--competition-evo-arch/environments/gradient/gradient_env_22.env,970023,/mnt/scratch/lalejini/data/aagos/2020-07-24--competition-evo-arch/SEED_970023,-CHANGE_FREQUENCY 0 -BIT_FLIP_PROB 0.003 -GRADIENT_MODEL 1,970123,/mnt/scratch/lalejini/data/aagos/2020-07-24--competition-evo-arch/SEED_970123,-CHANGE_FREQUENCY 0 -BIT_FLIP_PROB 0.1 -GRADIENT_MODEL 1
1,/mnt/home/lalejini/devo_ws/Aagos/hpcc/2020-07-24--competition-evo-arch/environments/gradient/gradient_env_23.env,970024,/mnt/scratch/lalejini/data/aagos/2020-07-24--competition-evo-arch/SEED_970024,-CHANGE_FREQUENCY 0 -BIT_FLIP_PROB 0.003 -GRADIENT_MODEL 1,970124,/mnt/scratch/lalejini/data/aagos/2020-07-24--competition-evo-arch/SEED_970124,-CHANGE_FREQUENCY 0 -BIT_FLIP_PROB 0.1 -GRADIENT_MODEL 1
1,/mnt/home/lalejini/devo_ws/Aagos/hpcc/2020-07-24--competition-evo-arch/environments/gradient/gradient_env_24.env,970025,/mnt/scratch/lalejini/data/aagos/2020-07-24--competition-evo-arch/SEED_970025,-CHANGE_FREQUENCY 0 -BIT_FLIP_PROB 0.003 -GRADIENT_MODEL 1,970125,/mnt/scratch/lalejini/data/aagos/2020-07-24--competition-evo-arch/SEED_970125,-CHANGE_FREQUENCY 0 -BIT_FLIP_PROB 0.1 -GRADIENT_MODEL 1
1,/mnt/home/lalejini/devo_ws/Aagos/hpcc/2020-07-24--competition-evo-arch/environments/gradient/gradient_env_25.env,970026,/mnt/scratch/lalejini/data/aagos/2020-07-24--competition-evo-arch/SEED_970026,-CHANGE_FREQUENCY 0 -BIT_FLIP_PROB 0.003 -GRADIENT_MODEL 1,970126,/mnt/scratch/lalejini/data/aagos/2020-07-24--competition-evo-arch/SEED_970126,-CHANGE_FREQUENCY 0 -BIT_FLIP_PROB 0.1 -GRADIENT_MODEL 1
1,/mnt/home/lalejini/devo_ws/Aagos/hpcc/2020-07-24--competition-evo-arch/environments/gradient/gradient_env_26.env,970027,/mnt/scratch/lalejini/data/aagos/2020-07-24--competition-evo-arch/SEED_970027,-CHANGE_FREQUENCY 0 -BIT_FLIP_PROB 0.003 -GRADIENT_MODEL 1,970127,/mnt/scratch/lalejini/data/aagos/2020-07-24--competition-evo-arch/SEED_970127,-CHANGE_FREQUENCY 0 -BIT_FLIP_PROB 0.1 -GRADIENT_MODEL 1
1,/mnt/home/lalejini/devo_ws/Aagos/hpcc/2020-07-24--competition-evo-arch/environments/gradient/gradient_env_27.env,970028,/mnt/scratch/lalejini/data/aagos/2020-07-24--competition-evo-arch/SEED_970028,-CHANGE_FREQUENCY 0 -BIT_FLIP_PROB 0.003 -GRADIENT_MODEL 1,970128,/mnt/scratch/lalejini/data/aagos/2020-07-24--competition-evo-arch/SEED_970128,-CHANGE_FREQUENCY 0 -BIT_FLIP_PROB 0.1 -GRADIENT_MODEL 1
1,/mnt/home/lalejini/devo_ws/Aagos/hpcc/2020-07-24--competition-evo-arch/environments/gradient/gradient_env_28.env,970029,/mnt/scratch/lalejini/data/aagos/2020-07-24--competition-evo-arch/SEED_970029,-CHANGE_FREQUENCY 0 -BIT_FLIP_PROB 0.003 -GRADIENT_MODEL 1,970129,/mnt/scratch/lalejini/data/aagos/2020-07-24--competition-evo-arch/SEED_970129,-CHANGE_FREQUENCY 0 -BIT_FLIP_PROB 0.1 -GRADIENT_MODEL 1
1,/mnt/home/lalejini/devo_ws/Aagos/hpcc/2020-07-24--competition-evo-arch/environments/gradient/gradient_env_29.env,970030,/mnt/scratch/lalejini/data/aagos/2020-07-24--competition-evo-arch/SEED_970030,-CHANGE_FREQUENCY 0 -BIT_FLIP_PROB 0.003 -GRADIENT_MODEL 1,970130,/mnt/scratch/lalejini/data/aagos/2020-07-24--competition-evo-arch/SEED_970130,-CHANGE_FREQUENCY 0 -BIT_FLIP_PROB 0.1 -GRADIENT_MODEL 1
1,/mnt/home/lalejini/devo_ws/Aagos/hpcc/2020-07-24--competition-evo-arch/environments/gradient/gradient_env_30.env,970031,/mnt/scratch/lalejini/data/aagos/2020-07-24--competition-evo-arch/SEED_970031,-CHANGE_FREQUENCY 0 -BIT_FLIP_PROB 0.003 -GRADIENT_MODEL 1,970131,/mnt/scratch/lalejini/data/aagos/2020-07-24--competition-evo-arch/SEED_970131,-CHANGE_FREQUENCY 0 -BIT_FLIP_PROB 0.1 -GRADIENT_MODEL 1
1,/mnt/home/lalejini/devo_ws/Aagos/hpcc/2020-07-24--competition-evo-arch/environments/gradient/gradient_env_31.env,970032,/mnt/scratch/lalejini/data/aagos/2020-07-24--competition-evo-arch/SEED_970032,-CHANGE_FREQUENCY 0 -BIT_FLIP_PROB 0.003 -GRADIENT_MODEL 1,970132,/mnt/scratch/lalejini/data/aagos/2020-07-24--competition-evo-arch/SEED_970132,-CHANGE_FREQUENCY 0 -BIT_FLIP_PROB 0.1 -GRADIENT_MODEL 1
1,/mnt/home/lalejini/devo_ws/Aagos/hpcc/2020-07-24--competition-evo-arch/environments/gradient/gradient_env_32.env,970033,/mnt/scratch/lalejini/data/aagos/2020-07-24--competition-evo-arch/SEED_970033,-CHANGE_FREQUENCY 0 -BIT_FLIP_PROB 0.003 -GRADIENT_MODEL 1,970133,/mnt/scratch/lalejini/data/aagos/2020-07-24--competition-evo-arch/SEED_970133,-CHANGE_FREQUENCY 0 -BIT_FLIP_PROB 0.1 -GRADIENT_MODEL 1
1,/mnt/home/lalejini/devo_ws/Aagos/hpcc/2020-07-24--competition-evo-arch/environments/gradient/gradient_env_33.env,970034,/mnt/scratch/lalejini/data/aagos/2020-07-24--competition-evo-arch/SEED_970034,-CHANGE_FREQUENCY 0 -BIT_FLIP_PROB 0.003 -GRADIENT_MODEL 1,970134,/mnt/scratch/lalejini/data/aagos/2020-07-24--competition-evo-arch/SEED_970134,-CHANGE_FREQUENCY 0 -BIT_FLIP_PROB 0.1 -GRADIENT_MODEL 1
1,/mnt/home/lalejini/devo_ws/Aagos/hpcc/2020-07-24--competition-evo-arch/environments/gradient/gradient_env_34.env,970035,/mnt/scratch/lalejini/data/aagos/2020-07-24--competition-evo-arch/SEED_970035,-CHANGE_FREQUENCY 0 -BIT_FLIP_PROB 0.003 -GRADIENT_MODEL 1,970135,/mnt/scratch/lalejini/data/aagos/2020-07-24--competition-evo-arch/SEED_970135,-CHANGE_FREQUENCY 0 -BIT_FLIP_PROB 0.1 -GRADIENT_MODEL 1
1,/mnt/home/lalejini/devo_ws/Aagos/hpcc/2020-07-24--competition-evo-arch/environments/gradient/gradient_env_35.env,970036,/mnt/scratch/lalejini/data/aagos/2020-07-24--competition-evo-arch/SEED_970036,-CHANGE_FREQUENCY 0 -BIT_FLIP_PROB 0.003 -GRADIENT_MODEL 1,970136,/mnt/scratch/lalejini/data/aagos/2020-07-24--competition-evo-arch/SEED_970136,-CHANGE_FREQUENCY 0 -BIT_FLIP_PROB 0.1 -GRADIENT_MODEL 1
1,/mnt/home/lalejini/devo_ws/Aagos/hpcc/2020-07-24--competition-evo-arch/environments/gradient/gradient_env_36.env,970037,/mnt/scratch/lalejini/data/aagos/2020-07-24--competition-evo-arch/SEED_970037,-CHANGE_FREQUENCY 0 -BIT_FLIP_PROB 0.003 -GRADIENT_MODEL 1,970137,/mnt/scratch/lalejini/data/aagos/2020-07-24--competition-evo-arch/SEED_970137,-CHANGE_FREQUENCY 0 -BIT_FLIP_PROB 0.1 -GRADIENT_MODEL 1
1,/mnt/home/lalejini/devo_ws/Aagos/hpcc/2020-07-24--competition-evo-arch/environments/gradient/gradient_env_37.env,970038,/mnt/scratch/lalejini/data/aagos/2020-07-24--competition-evo-arch/SEED_970038,-CHANGE_FREQUENCY 0 -BIT_FLIP_PROB 0.003 -GRADIENT_MODEL 1,970138,/mnt/scratch/lalejini/data/aagos/2020-07-24--competition-evo-arch/SEED_970138,-CHANGE_FREQUENCY 0 -BIT_FLIP_PROB 0.1 -GRADIENT_MODEL 1
1,/mnt/home/lalejini/devo_ws/Aagos/hpcc/2020-07-24--competition-evo-arch/environments/gradient/gradient_env_38.env,970039,/mnt/scratch/lalejini/data/aagos/2020-07-24--competition-evo-arch/SEED_970039,-CHANGE_FREQUENCY 0 -BIT_FLIP_PROB 0.003 -GRADIENT_MODEL 1,970139,/mnt/scratch/lalejini/data/aagos/2020-07-24--competition-evo-arch/SEED_970139,-CHANGE_FREQUENCY 0 -BIT_FLIP_PROB 0.1 -GRADIENT_MODEL 1
1,/mnt/home/lalejini/devo_ws/Aagos/hpcc/2020-07-24--competition-evo-arch/environments/gradient/gradient_env_39.env,970040,/mnt/scratch/lalejini/data/aagos/2020-07-24--competition-evo-arch/SEED_970040,-CHANGE_FREQUENCY 0 -BIT_FLIP_PROB 0.003 -GRADIENT_MODEL 1,970140,/mnt/scratch/lalejini/data/aagos/2020-07-24--competition-evo-arch/SEED_970140,-CHANGE_FREQUENCY 0 -BIT_FLIP_PROB 0.1 -GRADIENT_MODEL 1
1,/mnt/home/lalejini/devo_ws/Aagos/hpcc/2020-07-24--competition-evo-arch/environments/gradient/gradient_env_40.env,970041,/mnt/scratch/lalejini/data/aagos/2020-07-24--competition-evo-arch/SEED_970041,-CHANGE_FREQUENCY 0 -BIT_FLIP_PROB 0.003 -GRADIENT_MODEL 1,970141,/mnt/scratch/lalejini/data/aagos/2020-07-24--competition-evo-arch/SEED_970141,-CHANGE_FREQUENCY 0 -BIT_FLIP_PROB 0.1 -GRADIENT_MODEL 1
1,/mnt/home/lalejini/devo_ws/Aagos/hpcc/2020-07-24--competition-evo-arch/environments/gradient/gradient_env_41.env,970042,/mnt/scratch/lalejini/data/aagos/2020-07-24--competition-evo-arch/SEED_970042,-CHANGE_FREQUENCY 0 -BIT_FLIP_PROB 0.003 -GRADIENT_MODEL 1,970142,/mnt/scratch/lalejini/data/aagos/2020-07-24--competition-evo-arch/SEED_970142,-CHANGE_FREQUENCY 0 -BIT_FLIP_PROB 0.1 -GRADIENT_MODEL 1
1,/mnt/home/lalejini/devo_ws/Aagos/hpcc/2020-07-24--competition-evo-arch/environments/gradient/gradient_env_42.env,970043,/mnt/scratch/lalejini/data/aagos/2020-07-24--competition-evo-arch/SEED_970043,-CHANGE_FREQUENCY 0 -BIT_FLIP_PROB 0.003 -GRADIENT_MODEL 1,970143,/mnt/scratch/lalejini/data/aagos/2020-07-24--competition-evo-arch/SEED_970143,-CHANGE_FREQUENCY 0 -BIT_FLIP_PROB 0.1 -GRADIENT_MODEL 1
1,/mnt/home/lalejini/devo_ws/Aagos/hpcc/2020-07-24--competition-evo-arch/environments/gradient/gradient_env_43.env,970044,/mnt/scratch/lalejini/data/aagos/2020-07-24--competition-evo-arch/SEED_970044,-CHANGE_FREQUENCY 0 -BIT_FLIP_PROB 0.003 -GRADIENT_MODEL 1,970144,/mnt/scratch/lalejini/data/aagos/2020-07-24--competition-evo-arch/SEED_970144,-CHANGE_FREQUENCY 0 -BIT_FLIP_PROB 0.1 -GRADIENT_MODEL 1
1,/mnt/home/lalejini/devo_ws/Aagos/hpcc/2020-07-24--competition-evo-arch/environments/gradient/gradient_env_44.env,970045,/mnt/scratch/lalejini/data/aagos/2020-07-24--competition-evo-arch/SEED_970045,-CHANGE_FREQUENCY 0 -BIT_FLIP_PROB 0.003 -GRADIENT_MODEL 1,970145,/mnt/scratch/lalejini/data/aagos/2020-07-24--competition-evo-arch/SEED_970145,-CHANGE_FREQUENCY 0 -BIT_FLIP_PROB 0.1 -GRADIENT_MODEL 1
1,/mnt/home/lalejini/devo_ws/Aagos/hpcc/2020-07-24--competition-evo-arch/environments/gradient/gradient_env_45.env,970046,/mnt/scratch/lalejini/data/aagos/2020-07-24--competition-evo-arch/SEED_970046,-CHANGE_FREQUENCY 0 -BIT_FLIP_PROB 0.003 -GRADIENT_MODEL 1,970146,/mnt/scratch/lalejini/data/aagos/2020-07-24--competition-evo-arch/SEED_970146,-CHANGE_FREQUENCY 0 -BIT_FLIP_PROB 0.1 -GRADIENT_MODEL 1
1,/mnt/home/lalejini/devo_ws/Aagos/hpcc/2020-07-24--competition-evo-arch/environments/gradient/gradient_env_46.env,970047,/mnt/scratch/lalejini/data/aagos/2020-07-24--competition-evo-arch/SEED_970047,-CHANGE_FREQUENCY 0 -BIT_FLIP_PROB 0.003 -GRADIENT_MODEL 1,970147,/mnt/scratch/lalejini/data/aagos/2020-07-24--competition-evo-arch/SEED_970147,-CHANGE_FREQUENCY 0 -BIT_FLIP_PROB 0.1 -GRADIENT_MODEL 1
1,/mnt/home/lalejini/devo_ws/Aagos/hpcc/2020-07-24--competition-evo-arch/environments/gradient/gradient_env_47.env,970048,/mnt/scratch/lalejini/data/aagos/2020-07-24--competition-evo-arch/SEED_970048,-CHANGE_FREQUENCY 0 -BIT_FLIP_PROB 0.003 -GRADIENT_MODEL 1,970148,/mnt/scratch/lalejini/data/aagos/2020-07-24--competition-evo-arch/SEED_970148,-CHANGE_FREQUENCY 0 -BIT_FLIP_PROB 0.1 -GRADIENT_MODEL 1
1,/mnt/home/lalejini/devo_ws/Aagos/hpcc/2020-07-24--competition-evo-arch/environments/gradient/gradient_env_48.env,970049,/mnt/scratch/lalejini/data/aagos/2020-07-24--competition-evo-arch/SEED_970049,-CHANGE_FREQUENCY 0 -BIT_FLIP_PROB 0.003 -GRADIENT_MODEL 1,970149,/mnt/scratch/lalejini/data/aagos/2020-07-24--competition-evo-arch/SEED_970149,-CHANGE_FREQUENCY 0 -BIT_FLIP_PROB 0.1 -GRADIENT_MODEL 1
1,/mnt/home/lalejini/devo_ws/Aagos/hpcc/2020-07-24--competition-evo-arch/environments/gradient/gradient_env_49.env,970050,/mnt/scratch/lalejini/data/aagos/2020-07-24--competition-evo-arch/SEED_970050,-CHANGE_FREQUENCY 0 -BIT_FLIP_PROB 0.003 -GRADIENT_MODEL 1,970150,/mnt/scratch/lalejini/data/aagos/2020-07-24--competition-evo-arch/SEED_970150,-CHANGE_FREQUENCY 0 -BIT_FLIP_PROB 0.1 -GRADIENT_MODEL 1
1,/mnt/home/lalejini/devo_ws/Aagos/hpcc/2020-07-24--competition-evo-arch/environments/gradient/gradient_env_50.env,970051,/mnt/scratch/lalejini/data/aagos/2020-07-24--competition-evo-arch/SEED_970051,-CHANGE_FREQUENCY 0 -BIT_FLIP_PROB 0.003 -GRADIENT_MODEL 1,970151,/mnt/scratch/lalejini/data/aagos/2020-07-24--competition-evo-arch/SEED_970151,-CHANGE_FREQUENCY 0 -BIT_FLIP_PROB 0.1 -GRADIENT_MODEL 1
1,/mnt/home/lalejini/devo_ws/Aagos/hpcc/2020-07-24--competition-evo-arch/environments/gradient/gradient_env_51.env,970052,/mnt/scratch/lalejini/data/aagos/2020-07-24--competition-evo-arch/SEED_970052,-CHANGE_FREQUENCY 0 -BIT_FLIP_PROB 0.003 -GRADIENT_MODEL 1,970152,/mnt/scratch/lalejini/data/aagos/2020-07-24--competition-evo-arch/SEED_970152,-CHANGE_FREQUENCY 0 -BIT_FLIP_PROB 0.1 -GRADIENT_MODEL 1
1,/mnt/home/lalejini/devo_ws/Aagos/hpcc/2020-07-24--competition-evo-arch/environments/gradient/gradient_env_52.env,970053,/mnt/scratch/lalejini/data/aagos/2020-07-24--competition-evo-arch/SEED_970053,-CHANGE_FREQUENCY 0 -BIT_FLIP_PROB 0.003 -GRADIENT_MODEL 1,970153,/mnt/scratch/lalejini/data/aagos/2020-07-24--competition-evo-arch/SEED_970153,-CHANGE_FREQUENCY 0 -BIT_FLIP_PROB 0.1 -GRADIENT_MODEL 1
1,/mnt/home/lalejini/devo_ws/Aagos/hpcc/2020-07-24--competition-evo-arch/environments/gradient/gradient_env_53.env,970054,/mnt/scratch/lalejini/data/aagos/2020-07-24--competition-evo-arch/SEED_970054,-CHANGE_FREQUENCY 0 -BIT_FLIP_PROB 0.003 -GRADIENT_MODEL 1,970154,/mnt/scratch/lalejini/data/aagos/2020-07-24--competition-evo-arch/SEED_970154,-CHANGE_FREQUENCY 0 -BIT_FLIP_PROB 0.1 -GRADIENT_MODEL 1
1,/mnt/home/lalejini/devo_ws/Aagos/hpcc/2020-07-24--competition-evo-arch/environments/gradient/gradient_env_54.env,970055,/mnt/scratch/lalejini/data/aagos/2020-07-24--competition-evo-arch/SEED_970055,-CHANGE_FREQUENCY 0 -BIT_FLIP_PROB 0.003 -GRADIENT_MODEL 1,970155,/mnt/scratch/lalejini/data/aagos/2020-07-24--competition-evo-arch/SEED_970155,-CHANGE_FREQUENCY 0 -BIT_FLIP_PROB 0.1 -GRADIENT_MODEL 1
1,/mnt/home/lalejini/devo_ws/Aagos/hpcc/2020-07-24--competition-evo-arch/environments/gradient/gradient_env_55.env,970056,/mnt/scratch/lalejini/data/aagos/2020-07-24--competition-evo-arch/SEED_970056,-CHANGE_FREQUENCY 0 -BIT_FLIP_PROB 0.003 -GRADIENT_MODEL 1,970156,/mnt/scratch/lalejini/data/aagos/2020-07-24--competition-evo-arch/SEED_970156,-CHANGE_FREQUENCY 0 -BIT_FLIP_PROB 0.1 -GRADIENT_MODEL 1
1,/mnt/home/lalejini/devo_ws/Aagos/hpcc/2020-07-24--competition-evo-arch/environments/gradient/gradient_env_56.env,970057,/mnt/scratch/lalejini/data/aagos/2020-07-24--competition-evo-arch/SEED_970057,-CHANGE_FREQUENCY 0 -BIT_FLIP_PROB 0.003 -GRADIENT_MODEL 1,970157,/mnt/scratch/lalejini/data/aagos/2020-07-24--competition-evo-arch/SEED_970157,-CHANGE_FREQUENCY 0 -BIT_FLIP_PROB 0.1 -GRADIENT_MODEL 1
1,/mnt/home/lalejini/devo_ws/Aagos/hpcc/2020-07-24--competition-evo-arch/environments/gradient/gradient_env_57.env,970058,/mnt/scratch/lalejini/data/aagos/2020-07-24--competition-evo-arch/SEED_970058,-CHANGE_FREQUENCY 0 -BIT_FLIP_PROB 0.003 -GRADIENT_MODEL 1,970158,/mnt/scratch/lalejini/data/aagos/2020-07-24--competition-evo-arch/SEED_970158,-CHANGE_FREQUENCY 0 -BIT_FLIP_PROB 0.1 -GRADIENT_MODEL 1
1,/mnt/home/lalejini/devo_ws/Aagos/hpcc/2020-07-24--competition-evo-arch/environments/gradient/gradient_env_58.env,970059,/mnt/scratch/lalejini/data/aagos/2020-07-24--competition-evo-arch/SEED_970059,-CHANGE_FREQUENCY 0 -BIT_FLIP_PROB 0.003 -GRADIENT_MODEL 1,970159,/mnt/scratch/lalejini/data/aagos/2020-07-24--competition-evo-arch/SEED_970159,-CHANGE_FREQUENCY 0 -BIT_FLIP_PROB 0.1 -GRADIENT_MODEL 1
1,/mnt/home/lalejini/devo_ws/Aagos/hpcc/2020-07-24--competition-evo-arch/environments/gradient/gradient_env_59.env,970060,/mnt/scratch/lalejini/data/aagos/2020-07-24--competition-evo-arch/SEED_970060,-CHANGE_FREQUENCY 0 -BIT_FLIP_PROB 0.003 -GRADIENT_MODEL 1,970160,/mnt/scratch/lalejini/data/aagos/2020-07-24--competition-evo-arch/SEED_970160,-CHANGE_FREQUENCY 0 -BIT_FLIP_PROB 0.1 -GRADIENT_MODEL 1
1,/mnt/home/lalejini/devo_ws/Aagos/hpcc/2020-07-24--competition-evo-arch/environments/gradient/gradient_env_60.env,970061,/mnt/scratch/lalejini/data/aagos/2020-07-24--competition-evo-arch/SEED_970061,-CHANGE_FREQUENCY 0 -BIT_FLIP_PROB 0.003 -GRADIENT_MODEL 1,970161,/mnt/scratch/lalejini/data/aagos/2020-07-24--competition-evo-arch/SEED_970161,-CHANGE_FREQUENCY 0 -BIT_FLIP_PROB 0.1 -GRADIENT_MODEL 1
1,/mnt/home/lalejini/devo_ws/Aagos/hpcc/2020-07-24--competition-evo-arch/environments/gradient/gradient_env_61.env,970062,/mnt/scratch/lalejini/data/aagos/2020-07-24--competition-evo-arch/SEED_970062,-CHANGE_FREQUENCY 0 -BIT_FLIP_PROB 0.003 -GRADIENT_MODEL 1,970162,/mnt/scratch/lalejini/data/aagos/2020-07-24--competition-evo-arch/SEED_970162,-CHANGE_FREQUENCY 0 -BIT_FLIP_PROB 0.1 -GRADIENT_MODEL 1
1,/mnt/home/lalejini/devo_ws/Aagos/hpcc/2020-07-24--competition-evo-arch/environments/gradient/gradient_env_62.env,970063,/mnt/scratch/lalejini/data/aagos/2020-07-24--competition-evo-arch/SEED_970063,-CHANGE_FREQUENCY 0 -BIT_FLIP_PROB 0.003 -GRADIENT_MODEL 1,970163,/mnt/scratch/lalejini/data/aagos/2020-07-24--competition-evo-arch/SEED_970163,-CHANGE_FREQUENCY 0 -BIT_FLIP_PROB 0.1 -GRADIENT_MODEL 1
1,/mnt/home/lalejini/devo_ws/Aagos/hpcc/2020-07-24--competition-evo-arch/environments/gradient/gradient_env_63.env,970064,/mnt/scratch/lalejini/data/aagos/2020-07-24--competition-evo-arch/SEED_970064,-CHANGE_FREQUENCY 0 -BIT_FLIP_PROB 0.003 -GRADIENT_MODEL 1,970164,/mnt/scratch/lalejini/data/aagos/2020-07-24--competition-evo-arch/SEED_970164,-CHANGE_FREQUENCY 0 -BIT_FLIP_PROB 0.1 -GRADIENT_MODEL 1
1,/mnt/home/lalejini/devo_ws/Aagos/hpcc/2020-07-24--competition-evo-arch/environments/gradient/gradient_env_64.env,970065,/mnt/scratch/lalejini/data/aagos/2020-07-24--competition-evo-arch/SEED_970065,-CHANGE_FREQUENCY 0 -BIT_FLIP_PROB 0.003 -GRADIENT_MODEL 1,970165,/mnt/scratch/lalejini/data/aagos/2020-07-24--competition-evo-arch/SEED_970165,-CHANGE_FREQUENCY 0 -BIT_FLIP_PROB 0.1 -GRADIENT_MODEL 1
1,/mnt/home/lalejini/devo_ws/Aagos/hpcc/2020-07-24--competition-evo-arch/environments/gradient/gradient_env_65.env,970066,/mnt/scratch/lalejini/data/aagos/2020-07-24--competition-evo-arch/SEED_970066,-CHANGE_FREQUENCY 0 -BIT_FLIP_PROB 0.003 -GRADIENT_MODEL 1,970166,/mnt/scratch/lalejini/data/aagos/2020-07-24--competition-evo-arch/SEED_970166,-CHANGE_FREQUENCY 0 -BIT_FLIP_PROB 0.1 -GRADIENT_MODEL 1
1,/mnt/home/lalejini/devo_ws/Aagos/hpcc/2020-07-24--competition-evo-arch/environments/gradient/gradient_env_66.env,970067,/mnt/scratch/lalejini/data/aagos/2020-07-24--competition-evo-arch/SEED_970067,-CHANGE_FREQUENCY 0 -BIT_FLIP_PROB 0.003 -GRADIENT_MODEL 1,970167,/mnt/scratch/lalejini/data/aagos/2020-07-24--competition-evo-arch/SEED_970167,-CHANGE_FREQUENCY 0 -BIT_FLIP_PROB 0.1 -GRADIENT_MODEL 1
1,/mnt/home/lalejini/devo_ws/Aagos/hpcc/2020-07-24--competition-evo-arch/environments/gradient/gradient_env_67.env,970068,/mnt/scratch/lalejini/data/aagos/2020-07-24--competition-evo-arch/SEED_970068,-CHANGE_FREQUENCY 0 -BIT_FLIP_PROB 0.003 -GRADIENT_MODEL 1,970168,/mnt/scratch/lalejini/data/aagos/2020-07-24--competition-evo-arch/SEED_970168,-CHANGE_FREQUENCY 0 -BIT_FLIP_PROB 0.1 -GRADIENT_MODEL 1
1,/mnt/home/lalejini/devo_ws/Aagos/hpcc/2020-07-24--competition-evo-arch/environments/gradient/gradient_env_68.env,970069,/mnt/scratch/lalejini/data/aagos/2020-07-24--competition-evo-arch/SEED_970069,-CHANGE_FREQUENCY 0 -BIT_FLIP_PROB 0.003 -GRADIENT_MODEL 1,970169,/mnt/scratch/lalejini/data/aagos/2020-07-24--competition-evo-arch/SEED_970169,-CHANGE_FREQUENCY 0 -BIT_FLIP_PROB 0.1 -GRADIENT_MODEL 1
1,/mnt/home/lalejini/devo_ws/Aagos/hpcc/2020-07-24--competition-evo-arch/environments/gradient/gradient_env_69.env,970070,/mnt/scratch/lalejini/data/aagos/2020-07-24--competition-evo-arch/SEED_970070,-CHANGE_FREQUENCY 0 -BIT_FLIP_PROB 0.003 -GRADIENT_MODEL 1,970170,/mnt/scratch/lalejini/data/aagos/2020-07-24--competition-evo-arch/SEED_970170,-CHANGE_FREQUENCY 0 -BIT_FLIP_PROB 0.1 -GRADIENT_MODEL 1
1,/mnt/home/lalejini/devo_ws/Aagos/hpcc/2020-07-24--competition-evo-arch/environments/gradient/gradient_env_70.env,970071,/mnt/scratch/lalejini/data/aagos/2020-07-24--competition-evo-arch/SEED_970071,-CHANGE_FREQUENCY 0 -BIT_FLIP_PROB 0.003 -GRADIENT_MODEL 1,970171,/mnt/scratch/lalejini/data/aagos/2020-07-24--competition-evo-arch/SEED_970171,-CHANGE_FREQUENCY 0 -BIT_FLIP_PROB 0.1 -GRADIENT_MODEL 1
1,/mnt/home/lalejini/devo_ws/Aagos/hpcc/2020-07-24--competition-evo-arch/environments/gradient/gradient_env_71.env,970072,/mnt/scratch/lalejini/data/aagos/2020-07-24--competition-evo-arch/SEED_970072,-CHANGE_FREQUENCY 0 -BIT_FLIP_PROB 0.003 -GRADIENT_MODEL 1,970172,/mnt/scratch/lalejini/data/aagos/2020-07-24--competition-evo-arch/SEED_970172,-CHANGE_FREQUENCY 0 -BIT_FLIP_PROB 0.1 -GRADIENT_MODEL 1
1,/mnt/home/lalejini/devo_ws/Aagos/hpcc/2020-07-24--competition-evo-arch/environments/gradient/gradient_env_72.env,970073,/mnt/scratch/lalejini/data/aagos/2020-07-24--competition-evo-arch/SEED_970073,-CHANGE_FREQUENCY 0 -BIT_FLIP_PROB 0.003 -GRADIENT_MODEL 1,970173,/mnt/scratch/lalejini/data/aagos/2020-07-24--competition-evo-arch/SEED_970173,-CHANGE_FREQUENCY 0 -BIT_FLIP_PROB 0.1 -GRADIENT_MODEL 1
1,/mnt/home/lalejini/devo_ws/Aagos/hpcc/2020-07-24--competition-evo-arch/environments/gradient/gradient_env_73.env,970074,/mnt/scratch/lalejini/data/aagos/2020-07-24--competition-evo-arch/SEED_970074,-CHANGE_FREQUENCY 0 -BIT_FLIP_PROB 0.003 -GRADIENT_MODEL 1,970174,/mnt/scratch/lalejini/data/aagos/2020-07-24--competition-evo-arch/SEED_970174,-CHANGE_FREQUENCY 0 -BIT_FLIP_PROB 0.1 -GRADIENT_MODEL 1
1,/mnt/home/lalejini/devo_ws/Aagos/hpcc/2020-07-24--competition-evo-arch/environments/gradient/gradient_env_74.env,970075,/mnt/scratch/lalejini/data/aagos/2020-07-24--competition-evo-arch/SEED_970075,-CHANGE_FREQUENCY 0 -BIT_FLIP_PROB 0.003 -GRADIENT_MODEL 1,970175,/mnt/scratch/lalejini/data/aagos/2020-07-24--competition-evo-arch/SEED_970175,-CHANGE_FREQUENCY 0 -BIT_FLIP_PROB 0.1 -GRADIENT_MODEL 1
1,/mnt/home/lalejini/devo_ws/Aagos/hpcc/2020-07-24--competition-evo-arch/environments/gradient/gradient_env_75.env,970076,/mnt/scratch/lalejini/data/aagos/2020-07-24--competition-evo-arch/SEED_970076,-CHANGE_FREQUENCY 0 -BIT_FLIP_PROB 0.003 -GRADIENT_MODEL 1,970176,/mnt/scratch/lalejini/data/aagos/2020-07-24--competition-evo-arch/SEED_970176,-CHANGE_FREQUENCY 0 -BIT_FLIP_PROB 0.1 -GRADIENT_MODEL 1
1,/mnt/home/lalejini/devo_ws/Aagos/hpcc/2020-07-24--competition-evo-arch/environments/gradient/gradient_env_76.env,970077,/mnt/scratch/lalejini/data/aagos/2020-07-24--competition-evo-arch/SEED_970077,-CHANGE_FREQUENCY 0 -BIT_FLIP_PROB 0.003 -GRADIENT_MODEL 1,970177,/mnt/scratch/lalejini/data/aagos/2020-07-24--competition-evo-arch/SEED_970177,-CHANGE_FREQUENCY 0 -BIT_FLIP_PROB 0.1 -GRADIENT_MODEL 1
1,/mnt/home/lalejini/devo_ws/Aagos/hpcc/2020-07-24--competition-evo-arch/environments/gradient/gradient_env_77.env,970078,/mnt/scratch/lalejini/data/aagos/2020-07-24--competition-evo-arch/SEED_970078,-CHANGE_FREQUENCY 0 -BIT_FLIP_PROB 0.003 -GRADIENT_MODEL 1,970178,/mnt/scratch/lalejini/data/aagos/2020-07-24--competition-evo-arch/SEED_970178,-CHANGE_FREQUENCY 0 -BIT_FLIP_PROB 0.1 -GRADIENT_MODEL 1
1,/mnt/home/lalejini/devo_ws/Aagos/hpcc/2020-07-24--competition-evo-arch/environments/gradient/gradient_env_78.env,970079,/mnt/scratch/lalejini/data/aagos/2020-07-24--competition-evo-arch/SEED_970079,-CHANGE_FREQUENCY 0 -BIT_FLIP_PROB 0.003 -GRADIENT_MODEL 1,970179,/mnt/scratch/lalejini/data/aagos/2020-07-24--competition-evo-arch/SEED_970179,-CHANGE_FREQUENCY 0 -BIT_FLIP_PROB 0.1 -GRADIENT_MODEL 1
1,/mnt/home/lalejini/devo_ws/Aagos/hpcc/2020-07-24--competition-evo-arch/environments/gradient/gradient_env_79.env,970080,/mnt/scratch/lalejini/data/aagos/2020-07-24--competition-evo-arch/SEED_970080,-CHANGE_FREQUENCY 0 -BIT_FLIP_PROB 0.003 -GRADIENT_MODEL 1,970180,/mnt/scratch/lalejini/data/aagos/2020-07-24--competition-evo-arch/SEED_970180,-CHANGE_FREQUENCY 0 -BIT_FLIP_PROB 0.1 -GRADIENT_MODEL 1
1,/mnt/home/lalejini/devo_ws/Aagos/hpcc/2020-07-24--competition-evo-arch/environments/gradient/gradient_env_80.env,970081,/mnt/scratch/lalejini/data/aagos/2020-07-24--competition-evo-arch/SEED_970081,-CHANGE_FREQUENCY 0 -BIT_FLIP_PROB 0.003 -GRADIENT_MODEL 1,970181,/mnt/scratch/lalejini/data/aagos/2020-07-24--competition-evo-arch/SEED_970181,-CHANGE_FREQUENCY 0 -BIT_FLIP_PROB 0.1 -GRADIENT_MODEL 1
1,/mnt/home/lalejini/devo_ws/Aagos/hpcc/2020-07-24--competition-evo-arch/environments/gradient/gradient_env_81.env,970082,/mnt/scratch/lalejini/data/aagos/2020-07-24--competition-evo-arch/SEED_970082,-CHANGE_FREQUENCY 0 -BIT_FLIP_PROB 0.003 -GRADIENT_MODEL 1,970182,/mnt/scratch/lalejini/data/aagos/2020-07-24--competition-evo-arch/SEED_970182,-CHANGE_FREQUENCY 0 -BIT_FLIP_PROB 0.1 -GRADIENT_MODEL 1
1,/mnt/home/lalejini/devo_ws/Aagos/hpcc/2020-07-24--competition-evo-arch/environments/gradient/gradient_env_82.env,970083,/mnt/scratch/lalejini/data/aagos/2020-07-24--competition-evo-arch/SEED_970083,-CHANGE_FREQUENCY 0 -BIT_FLIP_PROB 0.003 -GRADIENT_MODEL 1,970183,/mnt/scratch/lalejini/data/aagos/2020-07-24--competition-evo-arch/SEED_970183,-CHANGE_FREQUENCY 0 -BIT_FLIP_PROB 0.1 -GRADIENT_MODEL 1
1,/mnt/home/lalejini/devo_ws/Aagos/hpcc/2020-07-24--competition-evo-arch/environments/gradient/gradient_env_83.env,970084,/mnt/scratch/lalejini/data/aagos/2020-07-24--competition-evo-arch/SEED_970084,-CHANGE_FREQUENCY 0 -BIT_FLIP_PROB 0.003 -GRADIENT_MODEL 1,970184,/mnt/scratch/lalejini/data/aagos/2020-07-24--competition-evo-arch/SEED_970184,-CHANGE_FREQUENCY 0 -BIT_FLIP_PROB 0.1 -GRADIENT_MODEL 1
1,/mnt/home/lalejini/devo_ws/Aagos/hpcc/2020-07-24--competition-evo-arch/environments/gradient/gradient_env_84.env,970085,/mnt/scratch/lalejini/data/aagos/2020-07-24--competition-evo-arch/SEED_970085,-CHANGE_FREQUENCY 0 -BIT_FLIP_PROB 0.003 -GRADIENT_MODEL 1,970185,/mnt/scratch/lalejini/data/aagos/2020-07-24--competition-evo-arch/SEED_970185,-CHANGE_FREQUENCY 0 -BIT_FLIP_PROB 0.1 -GRADIENT_MODEL 1
1,/mnt/home/lalejini/devo_ws/Aagos/hpcc/2020-07-24--competition-evo-arch/environments/gradient/gradient_env_85.env,970086,/mnt/scratch/lalejini/data/aagos/2020-07-24--competition-evo-arch/SEED_970086,-CHANGE_FREQUENCY 0 -BIT_FLIP_PROB 0.003 -GRADIENT_MODEL 1,970186,/mnt/scratch/lalejini/data/aagos/2020-07-24--competition-evo-arch/SEED_970186,-CHANGE_FREQUENCY 0 -BIT_FLIP_PROB 0.1 -GRADIENT_MODEL 1
1,/mnt/home/lalejini/devo_ws/Aagos/hpcc/2020-07-24--competition-evo-arch/environments/gradient/gradient_env_86.env,970087,/mnt/scratch/lalejini/data/aagos/2020-07-24--competition-evo-arch/SEED_970087,-CHANGE_FREQUENCY 0 -BIT_FLIP_PROB 0.003 -GRADIENT_MODEL 1,970187,/mnt/scratch/lalejini/data/aagos/2020-07-24--competition-evo-arch/SEED_970187,-CHANGE_FREQUENCY 0 -BIT_FLIP_PROB 0.1 -GRADIENT_MODEL 1
1,/mnt/home/lalejini/devo_ws/Aagos/hpcc/2020-07-24--competition-evo-arch/environments/gradient/gradient_env_87.env,970088,/mnt/scratch/lalejini/data/aagos/2020-07-24--competition-evo-arch/SEED_970088,-CHANGE_FREQUENCY 0 -BIT_FLIP_PROB 0.003 -GRADIENT_MODEL 1,970188,/mnt/scratch/lalejini/data/aagos/2020-07-24--competition-evo-arch/SEED_970188,-CHANGE_FREQUENCY 0 -BIT_FLIP_PROB 0.1 -GRADIENT_MODEL 1
1,/mnt/home/lalejini/devo_ws/Aagos/hpcc/2020-07-24--competition-evo-arch/environments/gradient/gradient_env_88.env,970089,/mnt/scratch/lalejini/data/aagos/2020-07-24--competition-evo-arch/SEED_970089,-CHANGE_FREQUENCY 0 -BIT_FLIP_PROB 0.003 -GRADIENT_MODEL 1,970189,/mnt/scratch/lalejini/data/aagos/2020-07-24--competition-evo-arch/SEED_970189,-CHANGE_FREQUENCY 0 -BIT_FLIP_PROB 0.1 -GRADIENT_MODEL 1
1,/mnt/home/lalejini/devo_ws/Aagos/hpcc/2020-07-24--competition-evo-arch/environments/gradient/gradient_env_89.env,970090,/mnt/scratch/lalejini/data/aagos/2020-07-24--competition-evo-arch/SEED_970090,-CHANGE_FREQUENCY 0 -BIT_FLIP_PROB 0.003 -GRADIENT_MODEL 1,970190,/mnt/scratch/lalejini/data/aagos/2020-07-24--competition-evo-arch/SEED_970190,-CHANGE_FREQUENCY 0 -BIT_FLIP_PROB 0.1 -GRADIENT_MODEL 1
1,/mnt/home/lalejini/devo_ws/Aagos/hpcc/2020-07-24--competition-evo-arch/environments/gradient/gradient_env_90.env,970091,/mnt/scratch/lalejini/data/aagos/2020-07-24--competition-evo-arch/SEED_970091,-CHANGE_FREQUENCY 0 -BIT_FLIP_PROB 0.003 -GRADIENT_MODEL 1,970191,/mnt/scratch/lalejini/data/aagos/2020-07-24--competition-evo-arch/SEED_970191,-CHANGE_FREQUENCY 0 -BIT_FLIP_PROB 0.1 -GRADIENT_MODEL 1
1,/mnt/home/lalejini/devo_ws/Aagos/hpcc/2020-07-24--competition-evo-arch/environments/gradient/gradient_env_91.env,970092,/mnt/scratch/lalejini/data/aagos/2020-07-24--competition-evo-arch/SEED_970092,-CHANGE_FREQUENCY 0 -BIT_FLIP_PROB 0.003 -GRADIENT_MODEL 1,970192,/mnt/scratch/lalejini/data/aagos/2020-07-24--competition-evo-arch/SEED_970192,-CHANGE_FREQUENCY 0 -BIT_FLIP_PROB 0.1 -GRADIENT_MODEL 1
1,/mnt/home/lalejini/devo_ws/Aagos/hpcc/2020-07-24--competition-evo-arch/environments/gradient/gradient_env_92.env,970093,/mnt/scratch/lalejini/data/aagos/2020-07-24--competition-evo-arch/SEED_970093,-CHANGE_FREQUENCY 0 -BIT_FLIP_PROB 0.003 -GRADIENT_MODEL 1,970193,/mnt/scratch/lalejini/data/aagos/2020-07-24--competition-evo-arch/SEED_970193,-CHANGE_FREQUENCY 0 -BIT_FLIP_PROB 0.1 -GRADIENT_MODEL 1
1,/mnt/home/lalejini/devo_ws/Aagos/hpcc/2020-07-24--competition-evo-arch/environments/gradient/gradient_env_93.env,970094,/mnt/scratch/lalejini/data/aagos/2020-07-24--competition-evo-arch/SEED_970094,-CHANGE_FREQUENCY 0 -BIT_FLIP_PROB 0.003 -GRADIENT_MODEL 1,970194,/mnt/scratch/lalejini/data/aagos/2020-07-24--competition-evo-arch/SEED_970194,-CHANGE_FREQUENCY 0 -BIT_FLIP_PROB 0.1 -GRADIENT_MODEL 1
1,/mnt/home/lalejini/devo_ws/Aagos/hpcc/2020-07-24--competition-evo-arch/environments/gradient/gradient_env_94.env,970095,/mnt/scratch/lalejini/data/aagos/2020-07-24--competition-evo-arch/SEED_970095,-CHANGE_FREQUENCY 0 -BIT_FLIP_PROB 0.003 -GRADIENT_MODEL 1,970195,/mnt/scratch/lalejini/data/aagos/2020-07-24--competition-evo-arch/SEED_970195,-CHANGE_FREQUENCY 0 -BIT_FLIP_PROB 0.1 -GRADIENT_MODEL 1
1,/mnt/home/lalejini/devo_ws/Aagos/hpcc/2020-07-24--competition-evo-arch/environments/gradient/gradient_env_95.env,970096,/mnt/scratch/lalejini/data/aagos/2020-07-24--competition-evo-arch/SEED_970096,-CHANGE_FREQUENCY 0 -BIT_FLIP_PROB 0.003 -GRADIENT_MODEL 1,970196,/mnt/scratch/lalejini/data/aagos/2020-07-24--competition-evo-arch/SEED_970196,-CHANGE_FREQUENCY 0 -BIT_FLIP_PROB 0.1 -GRADIENT_MODEL 1
1,/mnt/home/lalejini/devo_ws/Aagos/hpcc/2020-07-24--competition-evo-arch/environments/gradient/gradient_env_96.env,970097,/mnt/scratch/lalejini/data/aagos/2020-07-24--competition-evo-arch/SEED_970097,-CHANGE_FREQUENCY 0 -BIT_FLIP_PROB 0.003 -GRADIENT_MODEL 1,970197,/mnt/scratch/lalejini/data/aagos/2020-07-24--competition-evo-arch/SEED_970197,-CHANGE_FREQUENCY 0 -BIT_FLIP_PROB 0.1 -GRADIENT_MODEL 1
1,/mnt/home/lalejini/devo_ws/Aagos/hpcc/2020-07-24--competition-evo-arch/environments/gradient/gradient_env_97.env,970098,/mnt/scratch/lalejini/data/aagos/2020-07-24--competition-evo-arch/SEED_970098,-CHANGE_FREQUENCY 0 -BIT_FLIP_PROB 0.003 -GRADIENT_MODEL 1,970198,/mnt/scratch/lalejini/data/aagos/2020-07-24--competition-evo-arch/SEED_970198,-CHANGE_FREQUENCY 0 -BIT_FLIP_PROB 0.1 -GRADIENT_MODEL 1
1,/mnt/home/lalejini/devo_ws/Aagos/hpcc/2020-07-24--competition-evo-arch/environments/gradient/gradient_env_98.env,970099,/mnt/scratch/lalejini/data/aagos/2020-07-24--competition-evo-arch/SEED_970099,-CHANGE_FREQUENCY 0 -BIT_FLIP_PROB 0.003 -GRADIENT_MODEL 1,970199,/mnt/scratch/lalejini/data/aagos/2020-07-24--competition-evo-arch/SEED_970199,-CHANGE_FREQUENCY 0 -BIT_FLIP_PROB 0.1 -GRADIENT_MODEL 1
1,/mnt/home/lalejini/devo_ws/Aagos/hpcc/2020-07-24--competition-evo-arch/environments/gradient/gradient_env_99.env,970100,/mnt/scratch/lalejini/data/aagos/2020-07-24--competition-evo-arch/SEED_970100,-CHANGE_FREQUENCY 0 -BIT_FLIP_PROB 0.003 -GRADIENT_MODEL 1,970200,/mnt/scratch/lalejini/data/aagos/2020-07-24--competition-evo-arch/SEED_970200,-CHANGE_FREQUENCY 0 -BIT_FLIP_PROB 0.1 -GRADIENT_MODEL 1
0,/mnt/home/lalejini/devo_ws/Aagos/hpcc/2020-07-24--competition-evo-arch/environments/nk/nk_env_0.env,970201,/mnt/scratch/lalejini/data/aagos/2020-07-24--competition-evo-arch/SEED_970201,-CHANGE_FREQUENCY 0 -BIT_FLIP_PROB 0.003 -GRADIENT_MODEL 0,970301,/mnt/scratch/lalejini/data/aagos/2020-07-24--competition-evo-arch/SEED_970301,-CHANGE_FREQUENCY 0 -BIT_FLIP_PROB 0.1 -GRADIENT_MODEL 0
0,/mnt/home/lalejini/devo_ws/Aagos/hpcc/2020-07-24--competition-evo-arch/environments/nk/nk_env_1.env,970202,/mnt/scratch/lalejini/data/aagos/2020-07-24--competition-evo-arch/SEED_970202,-CHANGE_FREQUENCY 0 -BIT_FLIP_PROB 0.003 -GRADIENT_MODEL 0,970302,/mnt/scratch/lalejini/data/aagos/2020-07-24--competition-evo-arch/SEED_970302,-CHANGE_FREQUENCY 0 -BIT_FLIP_PROB 0.1 -GRADIENT_MODEL 0
0,/mnt/home/lalejini/devo_ws/Aagos/hpcc/2020-07-24--competition-evo-arch/environments/nk/nk_env_2.env,970203,/mnt/scratch/lalejini/data/aagos/2020-07-24--competition-evo-arch/SEED_970203,-CHANGE_FREQUENCY 0 -BIT_FLIP_PROB 0.003 -GRADIENT_MODEL 0,970303,/mnt/scratch/lalejini/data/aagos/2020-07-24--competition-evo-arch/SEED_970303,-CHANGE_FREQUENCY 0 -BIT_FLIP_PROB 0.1 -GRADIENT_MODEL 0
0,/mnt/home/lalejini/devo_ws/Aagos/hpcc/2020-07-24--competition-evo-arch/environments/nk/nk_env_3.env,970204,/mnt/scratch/lalejini/data/aagos/2020-07-24--competition-evo-arch/SEED_970204,-CHANGE_FREQUENCY 0 -BIT_FLIP_PROB 0.003 -GRADIENT_MODEL 0,970304,/mnt/scratch/lalejini/data/aagos/2020-07-24--competition-evo-arch/SEED_970304,-CHANGE_FREQUENCY 0 -BIT_FLIP_PROB 0.1 -GRADIENT_MODEL 0
0,/mnt/home/lalejini/devo_ws/Aagos/hpcc/2020-07-24--competition-evo-arch/environments/nk/nk_env_4.env,970205,/mnt/scratch/lalejini/data/aagos/2020-07-24--competition-evo-arch/SEED_970205,-CHANGE_FREQUENCY 0 -BIT_FLIP_PROB 0.003 -GRADIENT_MODEL 0,970305,/mnt/scratch/lalejini/data/aagos/2020-07-24--competition-evo-arch/SEED_970305,-CHANGE_FREQUENCY 0 -BIT_FLIP_PROB 0.1 -GRADIENT_MODEL 0
0,/mnt/home/lalejini/devo_ws/Aagos/hpcc/2020-07-24--competition-evo-arch/environments/nk/nk_env_5.env,970206,/mnt/scratch/lalejini/data/aagos/2020-07-24--competition-evo-arch/SEED_970206,-CHANGE_FREQUENCY 0 -BIT_FLIP_PROB 0.003 -GRADIENT_MODEL 0,970306,/mnt/scratch/lalejini/data/aagos/2020-07-24--competition-evo-arch/SEED_970306,-CHANGE_FREQUENCY 0 -BIT_FLIP_PROB 0.1 -GRADIENT_MODEL 0
0,/mnt/home/lalejini/devo_ws/Aagos/hpcc/2020-07-24--competition-evo-arch/environments/nk/nk_env_6.env,970207,/mnt/scratch/lalejini/data/aagos/2020-07-24--competition-evo-arch/SEED_970207,-CHANGE_FREQUENCY 0 -BIT_FLIP_PROB 0.003 -GRADIENT_MODEL 0,970307,/mnt/scratch/lalejini/data/aagos/2020-07-24--competition-evo-arch/SEED_970307,-CHANGE_FREQUENCY 0 -BIT_FLIP_PROB 0.1 -GRADIENT_MODEL 0
0,/mnt/home/lalejini/devo_ws/Aagos/hpcc/2020-07-24--competition-evo-arch/environments/nk/nk_env_7.env,970208,/mnt/scratch/lalejini/data/aagos/2020-07-24--competition-evo-arch/SEED_970208,-CHANGE_FREQUENCY 0 -BIT_FLIP_PROB 0.003 -GRADIENT_MODEL 0,970308,/mnt/scratch/lalejini/data/aagos/2020-07-24--competition-evo-arch/SEED_970308,-CHANGE_FREQUENCY 0 -BIT_FLIP_PROB 0.1 -GRADIENT_MODEL 0
0,/mnt/home/lalejini/devo_ws/Aagos/hpcc/2020-07-24--competition-evo-arch/environments/nk/nk_env_8.env,970209,/mnt/scratch/lalejini/data/aagos/2020-07-24--competition-evo-arch/SEED_970209,-CHANGE_FREQUENCY 0 -BIT_FLIP_PROB 0.003 -GRADIENT_MODEL 0,970309,/mnt/scratch/lalejini/data/aagos/2020-07-24--competition-evo-arch/SEED_970309,-CHANGE_FREQUENCY 0 -BIT_FLIP_PROB 0.1 -GRADIENT_MODEL 0
0,/mnt/home/lalejini/devo_ws/Aagos/hpcc/2020-07-24--competition-evo-arch/environments/nk/nk_env_9.env,970210,/mnt/scratch/lalejini/data/aagos/2020-07-24--competition-evo-arch/SEED_970210,-CHANGE_FREQUENCY 0 -BIT_FLIP_PROB 0.003 -GRADIENT_MODEL 0,970310,/mnt/scratch/lalejini/data/aagos/2020-07-24--competition-evo-arch/SEED_970310,-CHANGE_FREQUENCY 0 -BIT_FLIP_PROB 0.1 -GRADIENT_MODEL 0
0,/mnt/home/lalejini/devo_ws/Aagos/hpcc/2020-07-24--competition-evo-arch/environments/nk/nk_env_10.env,970211,/mnt/scratch/lalejini/data/aagos/2020-07-24--competition-evo-arch/SEED_970211,-CHANGE_FREQUENCY 0 -BIT_FLIP_PROB 0.003 -GRADIENT_MODEL 0,970311,/mnt/scratch/lalejini/data/aagos/2020-07-24--competition-evo-arch/SEED_970311,-CHANGE_FREQUENCY 0 -BIT_FLIP_PROB 0.1 -GRADIENT_MODEL 0
0,/mnt/home/lalejini/devo_ws/Aagos/hpcc/2020-07-24--competition-evo-arch/environments/nk/nk_env_11.env,970212,/mnt/scratch/lalejini/data/aagos/2020-07-24--competition-evo-arch/SEED_970212,-CHANGE_FREQUENCY 0 -BIT_FLIP_PROB 0.003 -GRADIENT_MODEL 0,970312,/mnt/scratch/lalejini/data/aagos/2020-07-24--competition-evo-arch/SEED_970312,-CHANGE_FREQUENCY 0 -BIT_FLIP_PROB 0.1 -GRADIENT_MODEL 0
0,/mnt/home/lalejini/devo_ws/Aagos/hpcc/2020-07-24--competition-evo-arch/environments/nk/nk_env_12.env,970213,/mnt/scratch/lalejini/data/aagos/2020-07-24--competition-evo-arch/SEED_970213,-CHANGE_FREQUENCY 0 -BIT_FLIP_PROB 0.003 -GRADIENT_MODEL 0,970313,/mnt/scratch/lalejini/data/aagos/2020-07-24--competition-evo-arch/SEED_970313,-CHANGE_FREQUENCY 0 -BIT_FLIP_PROB 0.1 -GRADIENT_MODEL 0
0,/mnt/home/lalejini/devo_ws/Aagos/hpcc/2020-07-24--competition-evo-arch/environments/nk/nk_env_13.env,970214,/mnt/scratch/lalejini/data/aagos/2020-07-24--competition-evo-arch/SEED_970214,-CHANGE_FREQUENCY 0 -BIT_FLIP_PROB 0.003 -GRADIENT_MODEL 0,970314,/mnt/scratch/lalejini/data/aagos/2020-07-24--competition-evo-arch/SEED_970314,-CHANGE_FREQUENCY 0 -BIT_FLIP_PROB 0.1 -GRADIENT_MODEL 0
0,/mnt/home/lalejini/devo_ws/Aagos/hpcc/2020-07-24--competition-evo-arch/environments/nk/nk_env_14.env,970215,/mnt/scratch/lalejini/data/aagos/2020-07-24--competition-evo-arch/SEED_970215,-CHANGE_FREQUENCY 0 -BIT_FLIP_PROB 0.003 -GRADIENT_MODEL 0,970315,/mnt/scratch/lalejini/data/aagos/2020-07-24--competition-evo-arch/SEED_970315,-CHANGE_FREQUENCY 0 -BIT_FLIP_PROB 0.1 -GRADIENT_MODEL 0
0,/mnt/home/lalejini/devo_ws/Aagos/hpcc/2020-07-24--competition-evo-arch/environments/nk/nk_env_15.env,970216,/mnt/scratch/lalejini/data/aagos/2020-07-24--competition-evo-arch/SEED_970216,-CHANGE_FREQUENCY 0 -BIT_FLIP_PROB 0.003 -GRADIENT_MODEL 0,970316,/mnt/scratch/lalejini/data/aagos/2020-07-24--competition-evo-arch/SEED_970316,-CHANGE_FREQUENCY 0 -BIT_FLIP_PROB 0.1 -GRADIENT_MODEL 0
0,/mnt/home/lalejini/devo_ws/Aagos/hpcc/2020-07-24--competition-evo-arch/environments/nk/nk_env_16.env,970217,/mnt/scratch/lalejini/data/aagos/2020-07-24--competition-evo-arch/SEED_970217,-CHANGE_FREQUENCY 0 -BIT_FLIP_PROB 0.003 -GRADIENT_MODEL 0,970317,/mnt/scratch/lalejini/data/aagos/2020-07-24--competition-evo-arch/SEED_970317,-CHANGE_FREQUENCY 0 -BIT_FLIP_PROB 0.1 -GRADIENT_MODEL 0
0,/mnt/home/lalejini/devo_ws/Aagos/hpcc/2020-07-24--competition-evo-arch/environments/nk/nk_env_17.env,970218,/mnt/scratch/lalejini/data/aagos/2020-07-24--competition-evo-arch/SEED_970218,-CHANGE_FREQUENCY 0 -BIT_FLIP_PROB 0.003 -GRADIENT_MODEL 0,970318,/mnt/scratch/lalejini/data/aagos/2020-07-24--competition-evo-arch/SEED_970318,-CHANGE_FREQUENCY 0 -BIT_FLIP_PROB 0.1 -GRADIENT_MODEL 0
0,/mnt/home/lalejini/devo_ws/Aagos/hpcc/2020-07-24--competition-evo-arch/environments/nk/nk_env_18.env,970219,/mnt/scratch/lalejini/data/aagos/2020-07-24--competition-evo-arch/SEED_970219,-CHANGE_FREQUENCY 0 -BIT_FLIP_PROB 0.003 -GRADIENT_MODEL 0,970319,/mnt/scratch/lalejini/data/aagos/2020-07-24--competition-evo-arch/SEED_970319,-CHANGE_FREQUENCY 0 -BIT_FLIP_PROB 0.1 -GRADIENT_MODEL 0
0,/mnt/home/lalejini/devo_ws/Aagos/hpcc/2020-07-24--competition-evo-arch/environments/nk/nk_env_19.env,970220,/mnt/scratch/lalejini/data/aagos/2020-07-24--competition-evo-arch/SEED_970220,-CHANGE_FREQUENCY 0 -BIT_FLIP_PROB 0.003 -GRADIENT_MODEL 0,970320,/mnt/scratch/lalejini/data/aagos/2020-07-24--competition-evo-arch/SEED_970320,-CHANGE_FREQUENCY 0 -BIT_FLIP_PROB 0.1 -GRADIENT_MODEL 0
0,/mnt/home/lalejini/devo_ws/Aagos/hpcc/2020-07-24--competition-evo-arch/environments/nk/nk_env_20.env,970221,/mnt/scratch/lalejini/data/aagos/2020-07-24--competition-evo-arch/SEED_970221,-CHANGE_FREQUENCY 0 -BIT_FLIP_PROB 0.003 -GRADIENT_MODEL 0,970321,/mnt/scratch/lalejini/data/aagos/2020-07-24--competition-evo-arch/SEED_970321,-CHANGE_FREQUENCY 0 -BIT_FLIP_PROB 0.1 -GRADIENT_MODEL 0
0,/mnt/home/lalejini/devo_ws/Aagos/hpcc/2020-07-24--competition-evo-arch/environments/nk/nk_env_21.env,970222,/mnt/scratch/lalejini/data/aagos/2020-07-24--competition-evo-arch/SEED_970222,-CHANGE_FREQUENCY 0 -BIT_FLIP_PROB 0.003 -GRADIENT_MODEL 0,970322,/mnt/scratch/lalejini/data/aagos/2020-07-24--competition-evo-arch/SEED_970322,-CHANGE_FREQUENCY 0 -BIT_FLIP_PROB 0.1 -GRADIENT_MODEL 0
0,/mnt/home/lalejini/devo_ws/Aagos/hpcc/2020-07-24--competition-evo-arch/environments/nk/nk_env_22.env,970223,/mnt/scratch/lalejini/data/aagos/2020-07-24--competition-evo-arch/SEED_970223,-CHANGE_FREQUENCY 0 -BIT_FLIP_PROB 0.003 -GRADIENT_MODEL 0,970323,/mnt/scratch/lalejini/data/aagos/2020-07-24--competition-evo-arch/SEED_970323,-CHANGE_FREQUENCY 0 -BIT_FLIP_PROB 0.1 -GRADIENT_MODEL 0
0,/mnt/home/lalejini/devo_ws/Aagos/hpcc/2020-07-24--competition-evo-arch/environments/nk/nk_env_23.env,970224,/mnt/scratch/lalejini/data/aagos/2020-07-24--competition-evo-arch/SEED_970224,-CHANGE_FREQUENCY 0 -BIT_FLIP_PROB 0.003 -GRADIENT_MODEL 0,970324,/mnt/scratch/lalejini/data/aagos/2020-07-24--competition-evo-arch/SEED_970324,-CHANGE_FREQUENCY 0 -BIT_FLIP_PROB 0.1 -GRADIENT_MODEL 0
0,/mnt/home/lalejini/devo_ws/Aagos/hpcc/2020-07-24--competition-evo-arch/environments/nk/nk_env_24.env,970225,/mnt/scratch/lalejini/data/aagos/2020-07-24--competition-evo-arch/SEED_970225,-CHANGE_FREQUENCY 0 -BIT_FLIP_PROB 0.003 -GRADIENT_MODEL 0,970325,/mnt/scratch/lalejini/data/aagos/2020-07-24--competition-evo-arch/SEED_970325,-CHANGE_FREQUENCY 0 -BIT_FLIP_PROB 0.1 -GRADIENT_MODEL 0
0,/mnt/home/lalejini/devo_ws/Aagos/hpcc/2020-07-24--competition-evo-arch/environments/nk/nk_env_25.env,970226,/mnt/scratch/lalejini/data/aagos/2020-07-24--competition-evo-arch/SEED_970226,-CHANGE_FREQUENCY 0 -BIT_FLIP_PROB 0.003 -GRADIENT_MODEL 0,970326,/mnt/scratch/lalejini/data/aagos/2020-07-24--competition-evo-arch/SEED_970326,-CHANGE_FREQUENCY 0 -BIT_FLIP_PROB 0.1 -GRADIENT_MODEL 0
0,/mnt/home/lalejini/devo_ws/Aagos/hpcc/2020-07-24--competition-evo-arch/environments/nk/nk_env_26.env,970227,/mnt/scratch/lalejini/data/aagos/2020-07-24--competition-evo-arch/SEED_970227,-CHANGE_FREQUENCY 0 -BIT_FLIP_PROB 0.003 -GRADIENT_MODEL 0,970327,/mnt/scratch/lalejini/data/aagos/2020-07-24--competition-evo-arch/SEED_970327,-CHANGE_FREQUENCY 0 -BIT_FLIP_PROB 0.1 -GRADIENT_MODEL 0
0,/mnt/home/lalejini/devo_ws/Aagos/hpcc/2020-07-24--competition-evo-arch/environments/nk/nk_env_27.env,970228,/mnt/scratch/lalejini/data/aagos/2020-07-24--competition-evo-arch/SEED_970228,-CHANGE_FREQUENCY 0 -BIT_FLIP_PROB 0.003 -GRADIENT_MODEL 0,970328,/mnt/scratch/lalejini/data/aagos/2020-07-24--competition-evo-arch/SEED_970328,-CHANGE_FREQUENCY 0 -BIT_FLIP_PROB 0.1 -GRADIENT_MODEL 0
0,/mnt/home/lalejini/devo_ws/Aagos/hpcc/2020-07-24--competition-evo-arch/environments/nk/nk_env_28.env,970229,/mnt/scratch/lalejini/data/aagos/2020-07-24--competition-evo-arch/SEED_970229,-CHANGE_FREQUENCY 0 -BIT_FLIP_PROB 0.003 -GRADIENT_MODEL 0,970329,/mnt/scratch/lalejini/data/aagos/2020-07-24--competition-evo-arch/SEED_970329,-CHANGE_FREQUENCY 0 -BIT_FLIP_PROB 0.1 -GRADIENT_MODEL 0
0,/mnt/home/lalejini/devo_ws/Aagos/hpcc/2020-07-24--competition-evo-arch/environments/nk/nk_env_29.env,970230,/mnt/scratch/lalejini/data/aagos/2020-07-24--competition-evo-arch/SEED_970230,-CHANGE_FREQUENCY 0 -BIT_FLIP_PROB 0.003 -GRADIENT_MODEL 0,970330,/mnt/scratch/lalejini/data/aagos/2020-07-24--competition-evo-arch/SEED_970330,-CHANGE_FREQUENCY 0 -BIT_FLIP_PROB 0.1 -GRADIENT_MODEL 0
0,/mnt/home/lalejini/devo_ws/Aagos/hpcc/2020-07-24--competition-evo-arch/environments/nk/nk_env_30.env,970231,/mnt/scratch/lalejini/data/aagos/2020-07-24--competition-evo-arch/SEED_970231,-CHANGE_FREQUENCY 0 -BIT_FLIP_PROB 0.003 -GRADIENT_MODEL 0,970331,/mnt/scratch/lalejini/data/aagos/2020-07-24--competition-evo-arch/SEED_970331,-CHANGE_FREQUENCY 0 -BIT_FLIP_PROB 0.1 -GRADIENT_MODEL 0
0,/mnt/home/lalejini/devo_ws/Aagos/hpcc/2020-07-24--competition-evo-arch/environments/nk/nk_env_31.env,970232,/mnt/scratch/lalejini/data/aagos/2020-07-24--competition-evo-arch/SEED_970232,-CHANGE_FREQUENCY 0 -BIT_FLIP_PROB 0.003 -GRADIENT_MODEL 0,970332,/mnt/scratch/lalejini/data/aagos/2020-07-24--competition-evo-arch/SEED_970332,-CHANGE_FREQUENCY 0 -BIT_FLIP_PROB 0.1 -GRADIENT_MODEL 0
0,/mnt/home/lalejini/devo_ws/Aagos/hpcc/2020-07-24--competition-evo-arch/environments/nk/nk_env_32.env,970233,/mnt/scratch/lalejini/data/aagos/2020-07-24--competition-evo-arch/SEED_970233,-CHANGE_FREQUENCY 0 -BIT_FLIP_PROB 0.003 -GRADIENT_MODEL 0,970333,/mnt/scratch/lalejini/data/aagos/2020-07-24--competition-evo-arch/SEED_970333,-CHANGE_FREQUENCY 0 -BIT_FLIP_PROB 0.1 -GRADIENT_MODEL 0
0,/mnt/home/lalejini/devo_ws/Aagos/hpcc/2020-07-24--competition-evo-arch/environments/nk/nk_env_33.env,970234,/mnt/scratch/lalejini/data/aagos/2020-07-24--competition-evo-arch/SEED_970234,-CHANGE_FREQUENCY 0 -BIT_FLIP_PROB 0.003 -GRADIENT_MODEL 0,970334,/mnt/scratch/lalejini/data/aagos/2020-07-24--competition-evo-arch/SEED_970334,-CHANGE_FREQUENCY 0 -BIT_FLIP_PROB 0.1 -GRADIENT_MODEL 0
0,/mnt/home/lalejini/devo_ws/Aagos/hpcc/2020-07-24--competition-evo-arch/environments/nk/nk_env_34.env,970235,/mnt/scratch/lalejini/data/aagos/2020-07-24--competition-evo-arch/SEED_970235,-CHANGE_FREQUENCY 0 -BIT_FLIP_PROB 0.003 -GRADIENT_MODEL 0,970335,/mnt/scratch/lalejini/data/aagos/2020-07-24--competition-evo-arch/SEED_970335,-CHANGE_FREQUENCY 0 -BIT_FLIP_PROB 0.1 -GRADIENT_MODEL 0
0,/mnt/home/lalejini/devo_ws/Aagos/hpcc/2020-07-24--competition-evo-arch/environments/nk/nk_env_35.env,970236,/mnt/scratch/lalejini/data/aagos/2020-07-24--competition-evo-arch/SEED_970236,-CHANGE_FREQUENCY 0 -BIT_FLIP_PROB 0.003 -GRADIENT_MODEL 0,970336,/mnt/scratch/lalejini/data/aagos/2020-07-24--competition-evo-arch/SEED_970336,-CHANGE_FREQUENCY 0 -BIT_FLIP_PROB 0.1 -GRADIENT_MODEL 0
0,/mnt/home/lalejini/devo_ws/Aagos/hpcc/2020-07-24--competition-evo-arch/environments/nk/nk_env_36.env,970237,/mnt/scratch/lalejini/data/aagos/2020-07-24--competition-evo-arch/SEED_970237,-CHANGE_FREQUENCY 0 -BIT_FLIP_PROB 0.003 -GRADIENT_MODEL 0,970337,/mnt/scratch/lalejini/data/aagos/2020-07-24--competition-evo-arch/SEED_970337,-CHANGE_FREQUENCY 0 -BIT_FLIP_PROB 0.1 -GRADIENT_MODEL 0
0,/mnt/home/lalejini/devo_ws/Aagos/hpcc/2020-07-24--competition-evo-arch/environments/nk/nk_env_37.env,970238,/mnt/scratch/lalejini/data/aagos/2020-07-24--competition-evo-arch/SEED_970238,-CHANGE_FREQUENCY 0 -BIT_FLIP_PROB 0.003 -GRADIENT_MODEL 0,970338,/mnt/scratch/lalejini/data/aagos/2020-07-24--competition-evo-arch/SEED_970338,-CHANGE_FREQUENCY 0 -BIT_FLIP_PROB 0.1 -GRADIENT_MODEL 0
0,/mnt/home/lalejini/devo_ws/Aagos/hpcc/2020-07-24--competition-evo-arch/environments/nk/nk_env_38.env,970239,/mnt/scratch/lalejini/data/aagos/2020-07-24--competition-evo-arch/SEED_970239,-CHANGE_FREQUENCY 0 -BIT_FLIP_PROB 0.003 -GRADIENT_MODEL 0,970339,/mnt/scratch/lalejini/data/aagos/2020-07-24--competition-evo-arch/SEED_970339,-CHANGE_FREQUENCY 0 -BIT_FLIP_PROB 0.1 -GRADIENT_MODEL 0
0,/mnt/home/lalejini/devo_ws/Aagos/hpcc/2020-07-24--competition-evo-arch/environments/nk/nk_env_39.env,970240,/mnt/scratch/lalejini/data/aagos/2020-07-24--competition-evo-arch/SEED_970240,-CHANGE_FREQUENCY 0 -BIT_FLIP_PROB 0.003 -GRADIENT_MODEL 0,970340,/mnt/scratch/lalejini/data/aagos/2020-07-24--competition-evo-arch/SEED_970340,-CHANGE_FREQUENCY 0 -BIT_FLIP_PROB 0.1 -GRADIENT_MODEL 0
0,/mnt/home/lalejini/devo_ws/Aagos/hpcc/2020-07-24--competition-evo-arch/environments/nk/nk_env_40.env,970241,/mnt/scratch/lalejini/data/aagos/2020-07-24--competition-evo-arch/SEED_970241,-CHANGE_FREQUENCY 0 -BIT_FLIP_PROB 0.003 -GRADIENT_MODEL 0,970341,/mnt/scratch/lalejini/data/aagos/2020-07-24--competition-evo-arch/SEED_970341,-CHANGE_FREQUENCY 0 -BIT_FLIP_PROB 0.1 -GRADIENT_MODEL 0
0,/mnt/home/lalejini/devo_ws/Aagos/hpcc/2020-07-24--competition-evo-arch/environments/nk/nk_env_41.env,970242,/mnt/scratch/lalejini/data/aagos/2020-07-24--competition-evo-arch/SEED_970242,-CHANGE_FREQUENCY 0 -BIT_FLIP_PROB 0.003 -GRADIENT_MODEL 0,970342,/mnt/scratch/lalejini/data/aagos/2020-07-24--competition-evo-arch/SEED_970342,-CHANGE_FREQUENCY 0 -BIT_FLIP_PROB 0.1 -GRADIENT_MODEL 0
0,/mnt/home/lalejini/devo_ws/Aagos/hpcc/2020-07-24--competition-evo-arch/environments/nk/nk_env_42.env,970243,/mnt/scratch/lalejini/data/aagos/2020-07-24--competition-evo-arch/SEED_970243,-CHANGE_FREQUENCY 0 -BIT_FLIP_PROB 0.003 -GRADIENT_MODEL 0,970343,/mnt/scratch/lalejini/data/aagos/2020-07-24--competition-evo-arch/SEED_970343,-CHANGE_FREQUENCY 0 -BIT_FLIP_PROB 0.1 -GRADIENT_MODEL 0
0,/mnt/home/lalejini/devo_ws/Aagos/hpcc/2020-07-24--competition-evo-arch/environments/nk/nk_env_43.env,970244,/mnt/scratch/lalejini/data/aagos/2020-07-24--competition-evo-arch/SEED_970244,-CHANGE_FREQUENCY 0 -BIT_FLIP_PROB 0.003 -GRADIENT_MODEL 0,970344,/mnt/scratch/lalejini/data/aagos/2020-07-24--competition-evo-arch/SEED_970344,-CHANGE_FREQUENCY 0 -BIT_FLIP_PROB 0.1 -GRADIENT_MODEL 0
0,/mnt/home/lalejini/devo_ws/Aagos/hpcc/2020-07-24--competition-evo-arch/environments/nk/nk_env_44.env,970245,/mnt/scratch/lalejini/data/aagos/2020-07-24--competition-evo-arch/SEED_970245,-CHANGE_FREQUENCY 0 -BIT_FLIP_PROB 0.003 -GRADIENT_MODEL 0,970345,/mnt/scratch/lalejini/data/aagos/2020-07-24--competition-evo-arch/SEED_970345,-CHANGE_FREQUENCY 0 -BIT_FLIP_PROB 0.1 -GRADIENT_MODEL 0
0,/mnt/home/lalejini/devo_ws/Aagos/hpcc/2020-07-24--competition-evo-arch/environments/nk/nk_env_45.env,970246,/mnt/scratch/lalejini/data/aagos/2020-07-24--competition-evo-arch/SEED_970246,-CHANGE_FREQUENCY 0 -BIT_FLIP_PROB 0.003 -GRADIENT_MODEL 0,970346,/mnt/scratch/lalejini/data/aagos/2020-07-24--competition-evo-arch/SEED_970346,-CHANGE_FREQUENCY 0 -BIT_FLIP_PROB 0.1 -GRADIENT_MODEL 0
0,/mnt/home/lalejini/devo_ws/Aagos/hpcc/2020-07-24--competition-evo-arch/environments/nk/nk_env_46.env,970247,/mnt/scratch/lalejini/data/aagos/2020-07-24--competition-evo-arch/SEED_970247,-CHANGE_FREQUENCY 0 -BIT_FLIP_PROB 0.003 -GRADIENT_MODEL 0,970347,/mnt/scratch/lalejini/data/aagos/2020-07-24--competition-evo-arch/SEED_970347,-CHANGE_FREQUENCY 0 -BIT_FLIP_PROB 0.1 -GRADIENT_MODEL 0
0,/mnt/home/lalejini/devo_ws/Aagos/hpcc/2020-07-24--competition-evo-arch/environments/nk/nk_env_47.env,970248,/mnt/scratch/lalejini/data/aagos/2020-07-24--competition-evo-arch/SEED_970248,-CHANGE_FREQUENCY 0 -BIT_FLIP_PROB 0.003 -GRADIENT_MODEL 0,970348,/mnt/scratch/lalejini/data/aagos/2020-07-24--competition-evo-arch/SEED_970348,-CHANGE_FREQUENCY 0 -BIT_FLIP_PROB 0.1 -GRADIENT_MODEL 0
0,/mnt/home/lalejini/devo_ws/Aagos/hpcc/2020-07-24--competition-evo-arch/environments/nk/nk_env_48.env,970249,/mnt/scratch/lalejini/data/aagos/2020-07-24--competition-evo-arch/SEED_970249,-CHANGE_FREQUENCY 0 -BIT_FLIP_PROB 0.003 -GRADIENT_MODEL 0,970349,/mnt/scratch/lalejini/data/aagos/2020-07-24--competition-evo-arch/SEED_970349,-CHANGE_FREQUENCY 0 -BIT_FLIP_PROB 0.1 -GRADIENT_MODEL 0
0,/mnt/home/lalejini/devo_ws/Aagos/hpcc/2020-07-24--competition-evo-arch/environments/nk/nk_env_49.env,970250,/mnt/scratch/lalejini/data/aagos/2020-07-24--competition-evo-arch/SEED_970250,-CHANGE_FREQUENCY 0 -BIT_FLIP_PROB 0.003 -GRADIENT_MODEL 0,970350,/mnt/scratch/lalejini/data/aagos/2020-07-24--competition-evo-arch/SEED_970350,-CHANGE_FREQUENCY 0 -BIT_FLIP_PROB 0.1 -GRADIENT_MODEL 0
0,/mnt/home/lalejini/devo_ws/Aagos/hpcc/2020-07-24--competition-evo-arch/environments/nk/nk_env_50.env,970251,/mnt/scratch/lalejini/data/aagos/2020-07-24--competition-evo-arch/SEED_970251,-CHANGE_FREQUENCY 0 -BIT_FLIP_PROB 0.003 -GRADIENT_MODEL 0,970351,/mnt/scratch/lalejini/data/aagos/2020-07-24--competition-evo-arch/SEED_970351,-CHANGE_FREQUENCY 0 -BIT_FLIP_PROB 0.1 -GRADIENT_MODEL 0
0,/mnt/home/lalejini/devo_ws/Aagos/hpcc/2020-07-24--competition-evo-arch/environments/nk/nk_env_51.env,970252,/mnt/scratch/lalejini/data/aagos/2020-07-24--competition-evo-arch/SEED_970252,-CHANGE_FREQUENCY 0 -BIT_FLIP_PROB 0.003 -GRADIENT_MODEL 0,970352,/mnt/scratch/lalejini/data/aagos/2020-07-24--competition-evo-arch/SEED_970352,-CHANGE_FREQUENCY 0 -BIT_FLIP_PROB 0.1 -GRADIENT_MODEL 0
0,/mnt/home/lalejini/devo_ws/Aagos/hpcc/2020-07-24--competition-evo-arch/environments/nk/nk_env_52.env,970253,/mnt/scratch/lalejini/data/aagos/2020-07-24--competition-evo-arch/SEED_970253,-CHANGE_FREQUENCY 0 -BIT_FLIP_PROB 0.003 -GRADIENT_MODEL 0,970353,/mnt/scratch/lalejini/data/aagos/2020-07-24--competition-evo-arch/SEED_970353,-CHANGE_FREQUENCY 0 -BIT_FLIP_PROB 0.1 -GRADIENT_MODEL 0
0,/mnt/home/lalejini/devo_ws/Aagos/hpcc/2020-07-24--competition-evo-arch/environments/nk/nk_env_53.env,970254,/mnt/scratch/lalejini/data/aagos/2020-07-24--competition-evo-arch/SEED_970254,-CHANGE_FREQUENCY 0 -BIT_FLIP_PROB 0.003 -GRADIENT_MODEL 0,970354,/mnt/scratch/lalejini/data/aagos/2020-07-24--competition-evo-arch/SEED_970354,-CHANGE_FREQUENCY 0 -BIT_FLIP_PROB 0.1 -GRADIENT_MODEL 0
0,/mnt/home/lalejini/devo_ws/Aagos/hpcc/2020-07-24--competition-evo-arch/environments/nk/nk_env_54.env,970255,/mnt/scratch/lalejini/data/aagos/2020-07-24--competition-evo-arch/SEED_970255,-CHANGE_FREQUENCY 0 -BIT_FLIP_PROB 0.003 -GRADIENT_MODEL 0,970355,/mnt/scratch/lalejini/data/aagos/2020-07-24--competition-evo-arch/SEED_970355,-CHANGE_FREQUENCY 0 -BIT_FLIP_PROB 0.1 -GRADIENT_MODEL 0
0,/mnt/home/lalejini/devo_ws/Aagos/hpcc/2020-07-24--competition-evo-arch/environments/nk/nk_env_55.env,970256,/mnt/scratch/lalejini/data/aagos/2020-07-24--competition-evo-arch/SEED_970256,-CHANGE_FREQUENCY 0 -BIT_FLIP_PROB 0.003 -GRADIENT_MODEL 0,970356,/mnt/scratch/lalejini/data/aagos/2020-07-24--competition-evo-arch/SEED_970356,-CHANGE_FREQUENCY 0 -BIT_FLIP_PROB 0.1 -GRADIENT_MODEL 0
0,/mnt/home/lalejini/devo_ws/Aagos/hpcc/2020-07-24--competition-evo-arch/environments/nk/nk_env_56.env,970257,/mnt/scratch/lalejini/data/aagos/2020-07-24--competition-evo-arch/SEED_970257,-CHANGE_FREQUENCY 0 -BIT_FLIP_PROB 0.003 -GRADIENT_MODEL 0,970357,/mnt/scratch/lalejini/data/aagos/2020-07-24--competition-evo-arch/SEED_970357,-CHANGE_FREQUENCY 0 -BIT_FLIP_PROB 0.1 -GRADIENT_MODEL 0
0,/mnt/home/lalejini/devo_ws/Aagos/hpcc/2020-07-24--competition-evo-arch/environments/nk/nk_env_57.env,970258,/mnt/scratch/lalejini/data/aagos/2020-07-24--competition-evo-arch/SEED_970258,-CHANGE_FREQUENCY 0 -BIT_FLIP_PROB 0.003 -GRADIENT_MODEL 0,970358,/mnt/scratch/lalejini/data/aagos/2020-07-24--competition-evo-arch/SEED_970358,-CHANGE_FREQUENCY 0 -BIT_FLIP_PROB 0.1 -GRADIENT_MODEL 0
0,/mnt/home/lalejini/devo_ws/Aagos/hpcc/2020-07-24--competition-evo-arch/environments/nk/nk_env_58.env,970259,/mnt/scratch/lalejini/data/aagos/2020-07-24--competition-evo-arch/SEED_970259,-CHANGE_FREQUENCY 0 -BIT_FLIP_PROB 0.003 -GRADIENT_MODEL 0,970359,/mnt/scratch/lalejini/data/aagos/2020-07-24--competition-evo-arch/SEED_970359,-CHANGE_FREQUENCY 0 -BIT_FLIP_PROB 0.1 -GRADIENT_MODEL 0
0,/mnt/home/lalejini/devo_ws/Aagos/hpcc/2020-07-24--competition-evo-arch/environments/nk/nk_env_59.env,970260,/mnt/scratch/lalejini/data/aagos/2020-07-24--competition-evo-arch/SEED_970260,-CHANGE_FREQUENCY 0 -BIT_FLIP_PROB 0.003 -GRADIENT_MODEL 0,970360,/mnt/scratch/lalejini/data/aagos/2020-07-24--competition-evo-arch/SEED_970360,-CHANGE_FREQUENCY 0 -BIT_FLIP_PROB 0.1 -GRADIENT_MODEL 0
0,/mnt/home/lalejini/devo_ws/Aagos/hpcc/2020-07-24--competition-evo-arch/environments/nk/nk_env_60.env,970261,/mnt/scratch/lalejini/data/aagos/2020-07-24--competition-evo-arch/SEED_970261,-CHANGE_FREQUENCY 0 -BIT_FLIP_PROB 0.003 -GRADIENT_MODEL 0,970361,/mnt/scratch/lalejini/data/aagos/2020-07-24--competition-evo-arch/SEED_970361,-CHANGE_FREQUENCY 0 -BIT_FLIP_PROB 0.1 -GRADIENT_MODEL 0
0,/mnt/home/lalejini/devo_ws/Aagos/hpcc/2020-07-24--competition-evo-arch/environments/nk/nk_env_61.env,970262,/mnt/scratch/lalejini/data/aagos/2020-07-24--competition-evo-arch/SEED_970262,-CHANGE_FREQUENCY 0 -BIT_FLIP_PROB 0.003 -GRADIENT_MODEL 0,970362,/mnt/scratch/lalejini/data/aagos/2020-07-24--competition-evo-arch/SEED_970362,-CHANGE_FREQUENCY 0 -BIT_FLIP_PROB 0.1 -GRADIENT_MODEL 0
0,/mnt/home/lalejini/devo_ws/Aagos/hpcc/2020-07-24--competition-evo-arch/environments/nk/nk_env_62.env,970263,/mnt/scratch/lalejini/data/aagos/2020-07-24--competition-evo-arch/SEED_970263,-CHANGE_FREQUENCY 0 -BIT_FLIP_PROB 0.003 -GRADIENT_MODEL 0,970363,/mnt/scratch/lalejini/data/aagos/2020-07-24--competition-evo-arch/SEED_970363,-CHANGE_FREQUENCY 0 -BIT_FLIP_PROB 0.1 -GRADIENT_MODEL 0
0,/mnt/home/lalejini/devo_ws/Aagos/hpcc/2020-07-24--competition-evo-arch/environments/nk/nk_env_63.env,970264,/mnt/scratch/lalejini/data/aagos/2020-07-24--competition-evo-arch/SEED_970264,-CHANGE_FREQUENCY 0 -BIT_FLIP_PROB 0.003 -GRADIENT_MODEL 0,970364,/mnt/scratch/lalejini/data/aagos/2020-07-24--competition-evo-arch/SEED_970364,-CHANGE_FREQUENCY 0 -BIT_FLIP_PROB 0.1 -GRADIENT_MODEL 0
0,/mnt/home/lalejini/devo_ws/Aagos/hpcc/2020-07-24--competition-evo-arch/environments/nk/nk_env_64.env,970265,/mnt/scratch/lalejini/data/aagos/2020-07-24--competition-evo-arch/SEED_970265,-CHANGE_FREQUENCY 0 -BIT_FLIP_PROB 0.003 -GRADIENT_MODEL 0,970365,/mnt/scratch/lalejini/data/aagos/2020-07-24--competition-evo-arch/SEED_970365,-CHANGE_FREQUENCY 0 -BIT_FLIP_PROB 0.1 -GRADIENT_MODEL 0
0,/mnt/home/lalejini/devo_ws/Aagos/hpcc/2020-07-24--competition-evo-arch/environments/nk/nk_env_65.env,970266,/mnt/scratch/lalejini/data/aagos/2020-07-24--competition-evo-arch/SEED_970266,-CHANGE_FREQUENCY 0 -BIT_FLIP_PROB 0.003 -GRADIENT_MODEL 0,970366,/mnt/scratch/lalejini/data/aagos/2020-07-24--competition-evo-arch/SEED_970366,-CHANGE_FREQUENCY 0 -BIT_FLIP_PROB 0.1 -GRADIENT_MODEL 0
0,/mnt/home/lalejini/devo_ws/Aagos/hpcc/2020-07-24--competition-evo-arch/environments/nk/nk_env_66.env,970267,/mnt/scratch/lalejini/data/aagos/2020-07-24--competition-evo-arch/SEED_970267,-CHANGE_FREQUENCY 0 -BIT_FLIP_PROB 0.003 -GRADIENT_MODEL 0,970367,/mnt/scratch/lalejini/data/aagos/2020-07-24--competition-evo-arch/SEED_970367,-CHANGE_FREQUENCY 0 -BIT_FLIP_PROB 0.1 -GRADIENT_MODEL 0
0,/mnt/home/lalejini/devo_ws/Aagos/hpcc/2020-07-24--competition-evo-arch/environments/nk/nk_env_67.env,970268,/mnt/scratch/lalejini/data/aagos/2020-07-24--competition-evo-arch/SEED_970268,-CHANGE_FREQUENCY 0 -BIT_FLIP_PROB 0.003 -GRADIENT_MODEL 0,970368,/mnt/scratch/lalejini/data/aagos/2020-07-24--competition-evo-arch/SEED_970368,-CHANGE_FREQUENCY 0 -BIT_FLIP_PROB 0.1 -GRADIENT_MODEL 0
0,/mnt/home/lalejini/devo_ws/Aagos/hpcc/2020-07-24--competition-evo-arch/environments/nk/nk_env_68.env,970269,/mnt/scratch/lalejini/data/aagos/2020-07-24--competition-evo-arch/SEED_970269,-CHANGE_FREQUENCY 0 -BIT_FLIP_PROB 0.003 -GRADIENT_MODEL 0,970369,/mnt/scratch/lalejini/data/aagos/2020-07-24--competition-evo-arch/SEED_970369,-CHANGE_FREQUENCY 0 -BIT_FLIP_PROB 0.1 -GRADIENT_MODEL 0
0,/mnt/home/lalejini/devo_ws/Aagos/hpcc/2020-07-24--competition-evo-arch/environments/nk/nk_env_69.env,970270,/mnt/scratch/lalejini/data/aagos/2020-07-24--competition-evo-arch/SEED_970270,-CHANGE_FREQUENCY 0 -BIT_FLIP_PROB 0.003 -GRADIENT_MODEL 0,970370,/mnt/scratch/lalejini/data/aagos/2020-07-24--competition-evo-arch/SEED_970370,-CHANGE_FREQUENCY 0 -BIT_FLIP_PROB 0.1 -GRADIENT_MODEL 0
0,/mnt/home/lalejini/devo_ws/Aagos/hpcc/2020-07-24--competition-evo-arch/environments/nk/nk_env_70.env,970271,/mnt/scratch/lalejini/data/aagos/2020-07-24--competition-evo-arch/SEED_970271,-CHANGE_FREQUENCY 0 -BIT_FLIP_PROB 0.003 -GRADIENT_MODEL 0,970371,/mnt/scratch/lalejini/data/aagos/2020-07-24--competition-evo-arch/SEED_970371,-CHANGE_FREQUENCY 0 -BIT_FLIP_PROB 0.1 -GRADIENT_MODEL 0
0,/mnt/home/lalejini/devo_ws/Aagos/hpcc/2020-07-24--competition-evo-arch/environments/nk/nk_env_71.env,970272,/mnt/scratch/lalejini/data/aagos/2020-07-24--competition-evo-arch/SEED_970272,-CHANGE_FREQUENCY 0 -BIT_FLIP_PROB 0.003 -GRADIENT_MODEL 0,970372,/mnt/scratch/lalejini/data/aagos/2020-07-24--competition-evo-arch/SEED_970372,-CHANGE_FREQUENCY 0 -BIT_FLIP_PROB 0.1 -GRADIENT_MODEL 0
0,/mnt/home/lalejini/devo_ws/Aagos/hpcc/2020-07-24--competition-evo-arch/environments/nk/nk_env_72.env,970273,/mnt/scratch/lalejini/data/aagos/2020-07-24--competition-evo-arch/SEED_970273,-CHANGE_FREQUENCY 0 -BIT_FLIP_PROB 0.003 -GRADIENT_MODEL 0,970373,/mnt/scratch/lalejini/data/aagos/2020-07-24--competition-evo-arch/SEED_970373,-CHANGE_FREQUENCY 0 -BIT_FLIP_PROB 0.1 -GRADIENT_MODEL 0
0,/mnt/home/lalejini/devo_ws/Aagos/hpcc/2020-07-24--competition-evo-arch/environments/nk/nk_env_73.env,970274,/mnt/scratch/lalejini/data/aagos/2020-07-24--competition-evo-arch/SEED_970274,-CHANGE_FREQUENCY 0 -BIT_FLIP_PROB 0.003 -GRADIENT_MODEL 0,970374,/mnt/scratch/lalejini/data/aagos/2020-07-24--competition-evo-arch/SEED_970374,-CHANGE_FREQUENCY 0 -BIT_FLIP_PROB 0.1 -GRADIENT_MODEL 0
0,/mnt/home/lalejini/devo_ws/Aagos/hpcc/2020-07-24--competition-evo-arch/environments/nk/nk_env_74.env,970275,/mnt/scratch/lalejini/data/aagos/2020-07-24--competition-evo-arch/SEED_970275,-CHANGE_FREQUENCY 0 -BIT_FLIP_PROB 0.003 -GRADIENT_MODEL 0,970375,/mnt/scratch/lalejini/data/aagos/2020-07-24--competition-evo-arch/SEED_970375,-CHANGE_FREQUENCY 0 -BIT_FLIP_PROB 0.1 -GRADIENT_MODEL 0
0,/mnt/home/lalejini/devo_ws/Aagos/hpcc/2020-07-24--competition-evo-arch/environments/nk/nk_env_75.env,970276,/mnt/scratch/lalejini/data/aagos/2020-07-24--competition-evo-arch/SEED_970276,-CHANGE_FREQUENCY 0 -BIT_FLIP_PROB 0.003 -GRADIENT_MODEL 0,970376,/mnt/scratch/lalejini/data/aagos/2020-07-24--competition-evo-arch/SEED_970376,-CHANGE_FREQUENCY 0 -BIT_FLIP_PROB 0.1 -GRADIENT_MODEL 0
0,/mnt/home/lalejini/devo_ws/Aagos/hpcc/2020-07-24--competition-evo-arch/environments/nk/nk_env_76.env,970277,/mnt/scratch/lalejini/data/aagos/2020-07-24--competition-evo-arch/SEED_970277,-CHANGE_FREQUENCY 0 -BIT_FLIP_PROB 0.003 -GRADIENT_MODEL 0,970377,/mnt/scratch/lalejini/data/aagos/2020-07-24--competition-evo-arch/SEED_970377,-CHANGE_FREQUENCY 0 -BIT_FLIP_PROB 0.1 -GRADIENT_MODEL 0
0,/mnt/home/lalejini/devo_ws/Aagos/hpcc/2020-07-24--competition-evo-arch/environments/nk/nk_env_77.env,970278,/mnt/scratch/lalejini/data/aagos/2020-07-24--competition-evo-arch/SEED_970278,-CHANGE_FREQUENCY 0 -BIT_FLIP_PROB 0.003 -GRADIENT_MODEL 0,970378,/mnt/scratch/lalejini/data/aagos/2020-07-24--competition-evo-arch/SEED_970378,-CHANGE_FREQUENCY 0 -BIT_FLIP_PROB 0.1 -GRADIENT_MODEL 0
0,/mnt/home/lalejini/devo_ws/Aagos/hpcc/2020-07-24--competition-evo-arch/environments/nk/nk_env_78.env,970279,/mnt/scratch/lalejini/data/aagos/2020-07-24--competition-evo-arch/SEED_970279,-CHANGE_FREQUENCY 0 -BIT_FLIP_PROB 0.003 -GRADIENT_MODEL 0,970379,/mnt/scratch/lalejini/data/aagos/2020-07-24--competition-evo-arch/SEED_970379,-CHANGE_FREQUENCY 0 -BIT_FLIP_PROB 0.1 -GRADIENT_MODEL 0
0,/mnt/home/lalejini/devo_ws/Aagos/hpcc/2020-07-24--competition-evo-arch/environments/nk/nk_env_79.env,970280,/mnt/scratch/lalejini/data/aagos/2020-07-24--competition-evo-arch/SEED_970280,-CHANGE_FREQUENCY 0 -BIT_FLIP_PROB 0.003 -GRADIENT_MODEL 0,970380,/mnt/scratch/lalejini/data/aagos/2020-07-24--competition-evo-arch/SEED_970380,-CHANGE_FREQUENCY 0 -BIT_FLIP_PROB 0.1 -GRADIENT_MODEL 0
0,/mnt/home/lalejini/devo_ws/Aagos/hpcc/2020-07-24--competition-evo-arch/environments/nk/nk_env_80.env,970281,/mnt/scratch/lalejini/data/aagos/2020-07-24--competition-evo-arch/SEED_970281,-CHANGE_FREQUENCY 0 -BIT_FLIP_PROB 0.003 -GRADIENT_MODEL 0,970381,/mnt/scratch/lalejini/data/aagos/2020-07-24--competition-evo-arch/SEED_970381,-CHANGE_FREQUENCY 0 -BIT_FLIP_PROB 0.1 -GRADIENT_MODEL 0
0,/mnt/home/lalejini/devo_ws/Aagos/hpcc/2020-07-24--competition-evo-arch/environments/nk/nk_env_81.env,970282,/mnt/scratch/lalejini/data/aagos/2020-07-24--competition-evo-arch/SEED_970282,-CHANGE_FREQUENCY 0 -BIT_FLIP_PROB 0.003 -GRADIENT_MODEL 0,970382,/mnt/scratch/lalejini/data/aagos/2020-07-24--competition-evo-arch/SEED_970382,-CHANGE_FREQUENCY 0 -BIT_FLIP_PROB 0.1 -GRADIENT_MODEL 0
0,/mnt/home/lalejini/devo_ws/Aagos/hpcc/2020-07-24--competition-evo-arch/environments/nk/nk_env_82.env,970283,/mnt/scratch/lalejini/data/aagos/2020-07-24--competition-evo-arch/SEED_970283,-CHANGE_FREQUENCY 0 -BIT_FLIP_PROB 0.003 -GRADIENT_MODEL 0,970383,/mnt/scratch/lalejini/data/aagos/2020-07-24--competition-evo-arch/SEED_970383,-CHANGE_FREQUENCY 0 -BIT_FLIP_PROB 0.1 -GRADIENT_MODEL 0
0,/mnt/home/lalejini/devo_ws/Aagos/hpcc/2020-07-24--competition-evo-arch/environments/nk/nk_env_83.env,970284,/mnt/scratch/lalejini/data/aagos/2020-07-24--competition-evo-arch/SEED_970284,-CHANGE_FREQUENCY 0 -BIT_FLIP_PROB 0.003 -GRADIENT_MODEL 0,970384,/mnt/scratch/lalejini/data/aagos/2020-07-24--competition-evo-arch/SEED_970384,-CHANGE_FREQUENCY 0 -BIT_FLIP_PROB 0.1 -GRADIENT_MODEL 0
0,/mnt/home/lalejini/devo_ws/Aagos/hpcc/2020-07-24--competition-evo-arch/environments/nk/nk_env_84.env,970285,/mnt/scratch/lalejini/data/aagos/2020-07-24--competition-evo-arch/SEED_970285,-CHANGE_FREQUENCY 0 -BIT_FLIP_PROB 0.003 -GRADIENT_MODEL 0,970385,/mnt/scratch/lalejini/data/aagos/2020-07-24--competition-evo-arch/SEED_970385,-CHANGE_FREQUENCY 0 -BIT_FLIP_PROB 0.1 -GRADIENT_MODEL 0
0,/mnt/home/lalejini/devo_ws/Aagos/hpcc/2020-07-24--competition-evo-arch/environments/nk/nk_env_85.env,970286,/mnt/scratch/lalejini/data/aagos/2020-07-24--competition-evo-arch/SEED_970286,-CHANGE_FREQUENCY 0 -BIT_FLIP_PROB 0.003 -GRADIENT_MODEL 0,970386,/mnt/scratch/lalejini/data/aagos/2020-07-24--competition-evo-arch/SEED_970386,-CHANGE_FREQUENCY 0 -BIT_FLIP_PROB 0.1 -GRADIENT_MODEL 0
0,/mnt/home/lalejini/devo_ws/Aagos/hpcc/2020-07-24--competition-evo-arch/environments/nk/nk_env_86.env,970287,/mnt/scratch/lalejini/data/aagos/2020-07-24--competition-evo-arch/SEED_970287,-CHANGE_FREQUENCY 0 -BIT_FLIP_PROB 0.003 -GRADIENT_MODEL 0,970387,/mnt/scratch/lalejini/data/aagos/2020-07-24--competition-evo-arch/SEED_970387,-CHANGE_FREQUENCY 0 -BIT_FLIP_PROB 0.1 -GRADIENT_MODEL 0
0,/mnt/home/lalejini/devo_ws/Aagos/hpcc/2020-07-24--competition-evo-arch/environments/nk/nk_env_87.env,970288,/mnt/scratch/lalejini/data/aagos/2020-07-24--competition-evo-arch/SEED_970288,-CHANGE_FREQUENCY 0 -BIT_FLIP_PROB 0.003 -GRADIENT_MODEL 0,970388,/mnt/scratch/lalejini/data/aagos/2020-07-24--competition-evo-arch/SEED_970388,-CHANGE_FREQUENCY 0 -BIT_FLIP_PROB 0.1 -GRADIENT_MODEL 0
0,/mnt/home/lalejini/devo_ws/Aagos/hpcc/2020-07-24--competition-evo-arch/environments/nk/nk_env_88.env,970289,/mnt/scratch/lalejini/data/aagos/2020-07-24--competition-evo-arch/SEED_970289,-CHANGE_FREQUENCY 0 -BIT_FLIP_PROB 0.003 -GRADIENT_MODEL 0,970389,/mnt/scratch/lalejini/data/aagos/2020-07-24--competition-evo-arch/SEED_970389,-CHANGE_FREQUENCY 0 -BIT_FLIP_PROB 0.1 -GRADIENT_MODEL 0
0,/mnt/home/lalejini/devo_ws/Aagos/hpcc/2020-07-24--competition-evo-arch/environments/nk/nk_env_89.env,970290,/mnt/scratch/lalejini/data/aagos/2020-07-24--competition-evo-arch/SEED_970290,-CHANGE_FREQUENCY 0 -BIT_FLIP_PROB 0.003 -GRADIENT_MODEL 0,970390,/mnt/scratch/lalejini/data/aagos/2020-07-24--competition-evo-arch/SEED_970390,-CHANGE_FREQUENCY 0 -BIT_FLIP_PROB 0.1 -GRADIENT_MODEL 0
0,/mnt/home/lalejini/devo_ws/Aagos/hpcc/2020-07-24--competition-evo-arch/environments/nk/nk_env_90.env,970291,/mnt/scratch/lalejini/data/aagos/2020-07-24--competition-evo-arch/SEED_970291,-CHANGE_FREQUENCY 0 -BIT_FLIP_PROB 0.003 -GRADIENT_MODEL 0,970391,/mnt/scratch/lalejini/data/aagos/2020-07-24--competition-evo-arch/SEED_970391,-CHANGE_FREQUENCY 0 -BIT_FLIP_PROB 0.1 -GRADIENT_MODEL 0
0,/mnt/home/lalejini/devo_ws/Aagos/hpcc/2020-07-24--competition-evo-arch/environments/nk/nk_env_91.env,970292,/mnt/scratch/lalejini/data/aagos/2020-07-24--competition-evo-arch/SEED_970292,-CHANGE_FREQUENCY 0 -BIT_FLIP_PROB 0.003 -GRADIENT_MODEL 0,970392,/mnt/scratch/lalejini/data/aagos/2020-07-24--competition-evo-arch/SEED_970392,-CHANGE_FREQUENCY 0 -BIT_FLIP_PROB 0.1 -GRADIENT_MODEL 0
0,/mnt/home/lalejini/devo_ws/Aagos/hpcc/2020-07-24--competition-evo-arch/environments/nk/nk_env_92.env,970293,/mnt/scratch/lalejini/data/aagos/2020-07-24--competition-evo-arch/SEED_970293,-CHANGE_FREQUENCY 0 -BIT_FLIP_PROB 0.003 -GRADIENT_MODEL 0,970393,/mnt/scratch/lalejini/data/aagos/2020-07-24--competition-evo-arch/SEED_970393,-CHANGE_FREQUENCY 0 -BIT_FLIP_PROB 0.1 -GRADIENT_MODEL 0
0,/mnt/home/lalejini/devo_ws/Aagos/hpcc/2020-07-24--competition-evo-arch/environments/nk/nk_env_93.env,970294,/mnt/scratch/lalejini/data/aagos/2020-07-24--competition-evo-arch/SEED_970294,-CHANGE_FREQUENCY 0 -BIT_FLIP_PROB 0.003 -GRADIENT_MODEL 0,970394,/mnt/scratch/lalejini/data/aagos/2020-07-24--competition-evo-arch/SEED_970394,-CHANGE_FREQUENCY 0 -BIT_FLIP_PROB 0.1 -GRADIENT_MODEL 0
0,/mnt/home/lalejini/devo_ws/Aagos/hpcc/2020-07-24--competition-evo-arch/environments/nk/nk_env_94.env,970295,/mnt/scratch/lalejini/data/aagos/2020-07-24--competition-evo-arch/SEED_970295,-CHANGE_FREQUENCY 0 -BIT_FLIP_PROB 0.003 -GRADIENT_MODEL 0,970395,/mnt/scratch/lalejini/data/aagos/2020-07-24--competition-evo-arch/SEED_970395,-CHANGE_FREQUENCY 0 -BIT_FLIP_PROB 0.1 -GRADIENT_MODEL 0
0,/mnt/home/lalejini/devo_ws/Aagos/hpcc/2020-07-24--competition-evo-arch/environments/nk/nk_env_95.env,970296,/mnt/scratch/lalejini/data/aagos/2020-07-24--competition-evo-arch/SEED_970296,-CHANGE_FREQUENCY 0 -BIT_FLIP_PROB 0.003 -GRADIENT_MODEL 0,970396,/mnt/scratch/lalejini/data/aagos/2020-07-24--competition-evo-arch/SEED_970396,-CHANGE_FREQUENCY 0 -BIT_FLIP_PROB 0.1 -GRADIENT_MODEL 0
0,/mnt/home/lalejini/devo_ws/Aagos/hpcc/2020-07-24--competition-evo-arch/environments/nk/nk_env_96.env,970297,/mnt/scratch/lalejini/data/aagos/2020-07-24--competition-evo-arch/SEED_970297,-CHANGE_FREQUENCY 0 -BIT_FLIP_PROB 0.003 -GRADIENT_MODEL 0,970397,/mnt/scratch/lalejini/data/aagos/2020-07-24--competition-evo-arch/SEED_970397,-CHANGE_FREQUENCY 0 -BIT_FLIP_PROB 0.1 -GRADIENT_MODEL 0
0,/mnt/home/lalejini/devo_ws/Aagos/hpcc/2020-07-24--competition-evo-arch/environments/nk/nk_env_97.env,970298,/mnt/scratch/lalejini/data/aagos/2020-07-24--competition-evo-arch/SEED_970298,-CHANGE_FREQUENCY 0 -BIT_FLIP_PROB 0.003 -GRADIENT_MODEL 0,970398,/mnt/scratch/lalejini/data/aagos/2020-07-24--competition-evo-arch/SEED_970398,-CHANGE_FREQUENCY 0 -BIT_FLIP_PROB 0.1 -GRADIENT_MODEL 0
0,/mnt/home/lalejini/devo_ws/Aagos/hpcc/2020-07-24--competition-evo-arch/environments/nk/nk_env_98.env,970299,/mnt/scratch/lalejini/data/aagos/2020-07-24--competition-evo-arch/SEED_970299,-CHANGE_FREQUENCY 0 -BIT_FLIP_PROB 0.003 -GRADIENT_MODEL 0,970399,/mnt/scratch/lalejini/data/aagos/2020-07-24--competition-evo-arch/SEED_970399,-CHANGE_FREQUENCY 0 -BIT_FLIP_PROB 0.1 -GRADIENT_MODEL 0
0,/mnt/home/lalejini/devo_ws/Aagos/hpcc/2020-07-24--competition-evo-arch/environments/nk/nk_env_99.env,970300,/mnt/scratch/lalejini/data/aagos/2020-07-24--competition-evo-arch/SEED_970300,-CHANGE_FREQUENCY 0 -BIT_FLIP_PROB 0.003 -GRADIENT_MODEL 0,970400,/mnt/scratch/lalejini/data/aagos/2020-07-24--competition-evo-arch/SEED_970400,-CHANGE_FREQUENCY 0 -BIT_FLIP_PROB 0.1 -GRADIENT_MODEL 0